customer_id,customer_name,currency_id,currency_code,current,days_1-15,days_16-30,days_31-45,days_above-45,total,fcy_total,contact.CF.SALESMAN,contact.CF.ROUTE,contact.CF.ROUTE DAY
4035182000000165254,"786 Tyre Works , Renigunta",4035182000000000099,INR,0.00,56425.00,0.00,0.00,0.00,56425.00,56425.00,NETHAJI,RENIGUNTA,SATURDAY
4035182000002497163,A M Automobiles COD - Chandragiri,4035182000000000099,INR,0.00,0.00,0.00,6160.00,4320.00,10480.00,10480.00,NETHAJI,CHANDRAGIRI,SATURDAY
4035182000000165337,"Abujaar Auto Spares, Mpl",4035182000000000099,INR,0.00,0.00,0.00,0.00,10000.84,10000.84,10000.84,RAJESH,MADANAPALLE,THURSDAY
4035182000003488536,ADHITYOL LUBRICANTS,4035182000000000099,INR,0.00,34652.00,0.00,0.00,2200.00,36852.00,36852.00,VINOD,TIRUPATI,TUESDAY
4035182000000197292,"AGC TYRE WORKS , SKHT",4035182000000000099,INR,0.00,7433.00,0.00,0.00,210.00,7643.00,7643.00,NETHAJI,SRIKALAHASTHI,WEDNESDAY
4035182000003500631,"Ahammad Auto Work, Tpt",4035182000000000099,INR,0.00,46255.00,0.00,0.00,0.00,46255.00,46255.00,NETHAJI,TIRUPATI,FRIDAY
4035182000000165508,Aisha Enterprises Bangarupalem,4035182000000000099,INR,0.00,0.00,0.00,0.00,49.00,49.00,49.00,CHIRANJEEVI,BANGARUPALEM,MONDAY
4035182000030384331,"AKBAR AUTO MOBILES , SKHT",4035182000000000099,INR,0.00,4960.00,0.00,0.00,0.00,4960.00,4960.00,VINOD,SRIKALAHASTHI,WEDNESDAY
4035182000028170558,"ALI HYDER SPARE PARTS, KALICHERLA",4035182000000000099,INR,0.00,15068.00,0.00,0.00,0.00,15068.00,15068.00,RAJESH,GURRAMKONDA,TUESDAY
4035182000000696005,ALLIED BLENDERS AND DISTILLERS LIMITED,4035182000000000099,INR,0.00,0.00,32450.00,0.00,0.00,32450.00,32450.00,SRINIVAS,HYDERABAD,MONDAY
4035182000004799053,Amara Raja Energy & Mobility Limited,4035182000000000099,INR,84252.00,108784.00,0.00,0.00,4291.81,197327.81,197327.81,SRINIVAS,TIRUPATI,MONDAY
4035182000027622564,"AMBASSADOR AUTOMOBILES, MPL",4035182000000000099,INR,0.00,0.00,0.00,0.00,7519.00,7519.00,7519.00,RAJESH,MADANAPALLE,THURSDAY
4035182000000196950,"Ambika automobiles, chandragiri",4035182000000000099,INR,0.00,0.00,0.00,3.00,0.00,3.00,3.00,NETHAJI,CHANDRAGIRI,SATURDAY
4035182000000204554,"AMEER ENTERPRISES , TPT",4035182000000000099,INR,0.00,0.00,0.00,0.00,1601.00,1601.00,1601.00,SHAHEEN,TIRUPATI,FRIDAY
4035182000026495100,"Ammer puncher shop, Tirupati",4035182000000000099,INR,0.00,36020.00,0.00,0.00,0.00,36020.00,36020.00,VINOD,TIRUPATI,MONDAY
4035182000000165679,"AMS Auto mobiles  , palamnr COD",4035182000000000099,INR,0.00,0.00,0.00,0.00,10312.00,10312.00,10312.00,CHIRANJEEVI,PALAMANER,MONDAY
4035182000000165757,Annapurna Traders Skht,4035182000000000099,INR,0.00,12800.00,0.00,0.00,0.00,12800.00,12800.00,NETHAJI,SRIKALAHASTHI,WEDNESDAY
4035182000000165845,"Anu Tyres & Automobiles, Mulakalacheruvu",4035182000000000099,INR,0.00,0.00,0.00,0.00,5583.00,5583.00,5583.00,RAJESH,MULAKALACHERUVU,FRIDAY
4035182000000165933,AP Agro Industries Developement Corporation Limited,4035182000000000099,INR,0.00,0.00,0.00,0.00,6829.00,6829.00,6829.00,SHAHEEN,TIRUPATI,MONDAY
4035182000000166021,ARBINA TYRE WORLD PILER,4035182000000000099,INR,0.00,0.00,14561.00,36547.00,0.00,51108.00,51108.00,NETHAJI,PILER,THURSDAY
4035182000006502462,"ARHAAN AUTO MOBILES , KALLUR",4035182000000000099,INR,0.00,16164.00,9714.00,2101.00,0.00,27979.00,27979.00,VINOD,KALLUR,THURSDAY
4035182000003363126,ARIZ SPARE PARTS - KANDURU,4035182000000000099,INR,0.00,0.00,13125.00,0.00,0.00,13125.00,13125.00,VINOD,KONDUR,THURSDAY
4035182000000166192,Arunachalam Auto Mobiles Tpt,4035182000000000099,INR,0.00,32737.00,0.00,4.00,0.00,32741.00,32741.00,VINOD,TIRUPATI,TUESDAY
4035182000023513681,ASHOK PUNCTURE SHOP TIRUPATI,4035182000000000099,INR,0.00,0.00,39979.00,2196.00,0.00,42175.00,42175.00,VINOD,TIRUPATI,MONDAY
4035182000000166363,Ashraf  auto mobiles Kallur,4035182000000000099,INR,0.00,32867.00,15599.00,0.00,0.00,48466.00,48466.00,VINOD,KALLUR,THURSDAY
4035182000029256009,"ASR AUTOMOBILES & BIKE SERVICE, NAIDUPETA",4035182000000000099,INR,0.00,0.00,3800.00,0.00,0.00,3800.00,3800.00,VINOD,NAIDUPETA,WEDNESDAY
4035182000000166441,"Asritha Enterprises,Tpt",4035182000000000099,INR,0.00,0.00,0.00,0.00,16818.98,16818.98,16818.98,SHAHEEN,TIRUPATI,MONDAY
4035182000026872127,Aurobindo Emergency Medical Services,4035182000000000099,INR,586284.00,0.00,0.00,0.00,0.00,586284.00,586284.00,SUJAY,GUNTUR,MONDAY
4035182000000166612,Ayan  Riyan tyres & Tubes  Kalakada,4035182000000000099,INR,0.00,0.00,0.00,0.00,5027.00,5027.00,5027.00,VINOD,KALAKADA,THURSDAY
4035182000000108038,"Ayan Tyres, Sri Kalahasthi",4035182000000000099,INR,0.00,137717.00,0.00,0.00,0.00,137717.00,137717.00,NETHAJI,SRIKALAHASTHI,WEDNESDAY
4035182000000166778,Azeez Tyres Sulurpeta,4035182000000000099,INR,0.00,1700.00,0.00,0.00,21315.00,23015.00,23015.00,VINOD,SULLURPETA,WEDNESDAY
4035182000000166861,"B.V.R AUTOMOBILES & Oils, Renigunta",4035182000000000099,INR,0.00,0.00,28575.00,0.00,0.00,28575.00,28575.00,NETHAJI,RENIGUNTA,SATURDAY
4035182000000345383,"Babu Cycle  Shop, Tiruchanoor",4035182000000000099,INR,0.00,0.00,0.00,0.00,32.00,32.00,32.00,NETHAJI,TIRUPATI,TUESDAY
4035182000000166949,"Babu Cycle Shop  , Kommireddygaripalli",4035182000000000099,INR,0.00,700.00,0.00,12999.00,19293.00,32992.00,32992.00,NETHAJI,KOMMIREDDYGARIPALLI,TUESDAY
4035182000004853851,"Badrinath Reddy Shop , Mulakalacheruv COD",4035182000000000099,INR,0.00,34764.00,0.00,0.00,0.00,34764.00,34764.00,RAJESH,MULAKALACHERUVU,FRIDAY
4035182000024354082,"BALAJI  ENTERPRISES  , MPL (NEW)",4035182000000000099,INR,0.00,0.00,0.00,0.00,23927.00,23927.00,23927.00,RAJESH,MADANAPALLE,THURSDAY
4035182000000197619,"Balaji Auto Mobiles , Varadayapalem",4035182000000000099,INR,0.00,0.00,0.00,0.00,370.00,370.00,370.00,VINOD,VARADAYAPALEM,FRIDAY
4035182000023513717,BALAJI AUTO SPARES & OIL NAIDUPETA,4035182000000000099,INR,0.00,0.00,0.00,0.00,12680.00,12680.00,12680.00,VINOD,NAIDUPETA,SATURDAY
4035182000000199130,Balaji Automobiles - Srikalahasthi,4035182000000000099,INR,0.00,0.00,0.00,17717.00,28404.00,46121.00,46121.00,NETHAJI,SRIKALAHASTHI,WEDNESDAY
4035182000000167203,BALAJI MOTORS PAKALA,4035182000000000099,INR,0.00,23972.00,0.00,0.00,1654.00,25626.00,25626.00,NETHAJI,PAKALA,TUESDAY
4035182000000167291,"Balaram Cycle Shop, CHITTOOR",4035182000000000099,INR,0.00,0.00,22.00,0.00,21.00,43.00,43.00,CHIRANJEEVI,CHITTOOR,TUESDAY
4035182000000167374,"Banu Oil Stores,Mpl",4035182000000000099,INR,0.00,0.00,0.00,0.00,6750.00,6750.00,6750.00,RAJESH,MADANAPALLE,THURSDAY
4035182000030814414,"BASHA TYRES , BURAKAYALAKOTA",4035182000000000099,INR,0.00,11493.00,0.00,0.00,0.00,11493.00,11493.00,RAJESH,MADANAPALLE,FRIDAY
4035182000000167462,"Basha Tyres, Chandragiri",4035182000000000099,INR,0.00,24613.00,0.00,8.00,0.00,24621.00,24621.00,NETHAJI,CHANDRAGIRI,SATURDAY
4035182000029556011,BASHEER AUTO WORKS - TIRUPATI (MINDA),4035182000000000099,INR,0.00,0.00,15320.00,0.00,0.00,15320.00,15320.00,VINOD,TIRUPATI,FRIDAY
4035182000000167545,"Basheer Tyres , Skht",4035182000000000099,INR,0.00,22912.00,0.00,0.00,0.00,22912.00,22912.00,NETHAJI,SRIKALAHASTHI,WEDNESDAY
4035182000001503154,"Bavajan (sks ) , Rompicherla",4035182000000000099,INR,0.00,5281.00,0.00,0.00,3880.00,9161.00,9161.00,VINOD,ROMPICHERLA,THURSDAY
4035182000000167628,Best Service Point Piler,4035182000000000099,INR,0.00,2847.00,17748.00,0.04,0.00,20595.04,20595.04,NETHAJI,PILER,THURSDAY
4035182000000367313,"Bhagirath  Auto Mobiles, Tpt",4035182000000000099,INR,0.00,0.00,18665.00,0.00,1.00,18666.00,18666.00,NETHAJI,TIRUPATI,FRIDAY
4035182000000167794,"Bhagyalakshmi Auto Mobiles, Puttur COD",4035182000000000099,INR,0.00,0.00,0.00,250.00,36137.00,36387.00,36387.00,NETHAJI,PUTTUR,MONDAY
4035182000000167882,"Bhagyalakshmi Automobiles,Bajaj CTR(10468)",4035182000000000099,INR,0.00,0.00,0.00,0.00,1.00,1.00,1.00,SHAHEEN,CHITTOOR,MONDAY
4035182000000167970,"Bharat Auto Garage , B.Kothakota",4035182000000000099,INR,0.00,0.00,0.00,0.00,139.00,139.00,139.00,RAJESH,B.KOTHAKOTA,FRIDAY
4035182000001291023,Bharat Automobiles Tpt,4035182000000000099,INR,17624.00,0.00,0.00,522.00,0.00,18146.00,18146.00,NETHAJI,TIRUPATI,FRIDAY
4035182000000168053,"Bharath A/m , V.Kota",4035182000000000099,INR,0.00,0.00,2701.00,0.00,2490.00,5191.00,5191.00,CHIRANJEEVI,V KOTA,SATURDAY
4035182000000168136,"Bhargavi Automobiles (P) LTD, TPT- Maruthi",4035182000000000099,INR,0.00,0.00,0.00,0.00,7850.00,7850.00,7850.00,ROHITH SIR,TIRUPATI,MONDAY
4035182000000168224,"Bhavaji Traders , Mulakalacheruvu",4035182000000000099,INR,0.00,48087.00,0.00,21795.40,0.00,69882.40,69882.40,RAJESH,MULAKALACHERUVU,FRIDAY
4035182000000197946,"Bhavani Auto parts , Tpt",4035182000000000099,INR,0.00,47618.00,0.00,0.00,18500.00,66118.00,66118.00,NETHAJI,TIRUPATI,FRIDAY
4035182000000168312,"Bhavishya Smart Solutions,Tpt",4035182000000000099,INR,0.00,0.00,0.00,0.00,14526.84,14526.84,14526.84,SRINIVAS,TIRUPATI,MONDAY
4035182000003470053,"Bhavitha JCB Spares , Nagari",4035182000000000099,INR,0.00,0.00,29500.00,0.00,54497.00,83997.00,83997.00,NETHAJI,NAGARI,MONDAY
4035182000025651791,"BIKE ZONE , MULBAGAL",4035182000000000099,INR,0.00,0.00,0.00,0.00,1935.00,1935.00,1935.00,CHIRANJEEVI,MULBAGAL,THURSDAY
4035182000000238291,"Bismi Automobiles,Nagari",4035182000000000099,INR,0.00,7400.00,0.00,7400.00,0.00,14800.00,14800.00,NETHAJI,NAGARI,MONDAY
4035182000002620774,"BISMILLA  AUTO SPARES , PALAMNER",4035182000000000099,INR,0.00,50010.00,227.00,0.00,4551.00,54788.00,54788.00,CHIRANJEEVI,PALAMANER,MONDAY
4035182000000168400,"Bismilla A/m , Kalikiri",4035182000000000099,INR,0.00,20243.00,26491.00,0.00,0.00,46734.00,46734.00,NETHAJI,KALIKIRI,THURSDAY
4035182000030933209,"BISMILLA AUTO WORKS , TPT",4035182000000000099,INR,0.00,11611.00,0.00,0.00,0.00,11611.00,11611.00,VINOD,TIRUPATI,MONDAY
4035182000000168571,"Bismilla New Tyres , Mulakalacheruv",4035182000000000099,INR,0.00,35341.00,0.00,0.00,0.00,35341.00,35341.00,RAJESH,MULAKALACHERUVU,FRIDAY
4035182000000168488,"BISMILLA Traders  , Palamnr",4035182000000000099,INR,0.00,21205.00,12618.00,0.00,0.00,33823.00,33823.00,CHIRANJEEVI,PALAMANER,MONDAY
4035182000026304944,"BISMILLA TYRES, MADANPALLE",4035182000000000099,INR,0.00,4156.00,9952.00,0.00,0.00,14108.00,14108.00,RAJESH,MADANAPALLE,THURSDAY
4035182000027622085,"BISMILLAH AUTOMOBILES & TRAVELS , KALIKIRI",4035182000000000099,INR,0.00,0.00,0.00,0.00,13139.00,13139.00,13139.00,REDDY BABU,KALIKIRI,THURSDAY
4035182000000168742,Bismillah tyres Srikalahasthi,4035182000000000099,INR,0.00,0.00,34381.00,0.00,355.72,34736.72,34736.72,NETHAJI,SRIKALAHASTHI,WEDNESDAY
4035182000000108196,Bright  Ele  Customer  Tpt,4035182000000000099,INR,2681.00,42041.00,2793.00,4621.00,8451.00,60587.00,60587.00,SHAHEEN,TIRUPATI,MONDAY
4035182000000108258,Bright Ele Phone Pe Customer,4035182000000000099,INR,0.00,0.00,0.00,0.00,225381.92,225381.92,225381.92,SHAHEEN,TIRUPATI,MONDAY
4035182000000168830,BRIGHT ENTERPRISES,4035182000000000099,INR,0.00,338860.00,11118.00,6121.00,3737381.00,4093480.00,4093480.00,SURESH SIR,TIRUPATI,MONDAY
4035182000000169001,Ceat Sravan TPT,4035182000000000099,INR,0.00,0.00,0.00,0.00,201107.00,201107.00,201107.00,SURESH SIR,TIRUPATI,MONDAY
4035182000000169079,Chakri Automobiles Karvetinagaram,4035182000000000099,INR,0.00,0.00,0.00,16907.00,15066.00,31973.00,31973.00,VINOD,KARVETINAGARAM,MONDAY
4035182000000169162,"Chand Tyres, Punganur",4035182000000000099,INR,0.00,0.00,0.00,0.00,36050.00,36050.00,36050.00,RAJESH,PUNGANUR,WEDNESDAY
4035182000000204988,"Chandra Electrical & Hardwares, Pachikapalam",4035182000000000099,INR,0.00,21719.00,0.00,0.00,0.00,21719.00,21719.00,VINOD,PACHIKAPALAM,MONDAY
4035182000000169250,"Chandra Puncture Shop , Damalcheruv",4035182000000000099,INR,0.00,0.00,0.00,0.00,5.00,5.00,5.00,NETHAJI,DAMALACHERUVU,TUESDAY
4035182000027601918,"CHANU TRADERS (MINDA OIL) , TPT",4035182000000000099,INR,0.00,0.00,0.00,7198.00,0.00,7198.00,7198.00,REDDY BABU,TIRUPATI,WEDNESDAY
4035182000000169333,Chethan Motors Mudigubba,4035182000000000099,INR,0.00,0.00,0.00,0.00,3718.00,3718.00,3718.00,ROHITH SIR,MUDIGUBBA,MONDAY
4035182000000169509,"DADA AUTOMOBILES,VAYALPADU",4035182000000000099,INR,0.00,0.00,13015.00,31571.00,16295.00,60881.00,60881.00,RAJESH,VAYALAPADU,TUESDAY
4035182000000169597,"Delux Automobiles&Service Center,Shanthipuram",4035182000000000099,INR,0.00,21570.00,0.00,0.00,0.00,21570.00,21570.00,CHIRANJEEVI,SHANTHIPURAM,FRIDAY
4035182000027573168,"DEVA SERVICE POINT , PAKALA",4035182000000000099,INR,0.00,4697.00,0.00,0.00,0.00,4697.00,4697.00,NETHAJI,PAKALA,TUESDAY
4035182000000169773,"Devi Work Shop, TPT",4035182000000000099,INR,0.00,10.00,0.00,0.00,0.00,10.00,10.00,NETHAJI,TIRUPATI,FRIDAY
4035182000000170105,"DNR Cycle Stores , Ctr",4035182000000000099,INR,0.00,0.00,0.00,0.00,5650.00,5650.00,5650.00,CHIRANJEEVI,CHITTOOR,TUESDAY
4035182000000170193,"Durga Enterprises , Punganur",4035182000000000099,INR,0.00,0.00,0.00,0.00,169738.87,169738.87,169738.87,RAJESH,PUNGANUR,WEDNESDAY
4035182000001473049,ECS Cycle Shop  Pakala,4035182000000000099,INR,0.00,11.00,0.00,0.00,0.00,11.00,11.00,NETHAJI,PAKALA,TUESDAY
4035182000000238342,"Eswari Automobiles & Lubricants, Puttur",4035182000000000099,INR,0.00,10564.00,58999.00,0.00,1.00,69564.00,69564.00,NETHAJI,PUTTUR,MONDAY
4035182000000170281,"G R Auto Mobiles , Palamnr",4035182000000000099,INR,0.00,48770.00,0.00,12000.00,342.00,61112.00,61112.00,CHIRANJEEVI,PALAMANER,MONDAY
4035182000000505325,"GANESH AGENCIES , TPT",4035182000000000099,INR,0.00,9400.00,0.00,11900.00,0.00,21300.00,21300.00,SHAHEEN,TIRUPATI,FRIDAY
4035182000017705003,"GANESH AGENCIES, HYDERABAD",4035182000000000099,INR,0.00,0.00,0.00,0.00,86052.00,86052.00,86052.00,SURESH SIR,HYDERABAD,MONDAY
4035182000004643851,GANESH ENTERPRISES - TIRUPATI,4035182000000000099,INR,0.00,0.00,0.00,0.00,71250.00,71250.00,71250.00,VINOD,TIRUPATI,TUESDAY
4035182000005075353,"GANESH PUNCTURE  SHOP , ITHEPALLI",4035182000000000099,INR,0.00,0.00,0.00,13204.00,3615.00,16819.00,16819.00,NETHAJI,TIRUPATI,FRIDAY
4035182000004942377,"GANESH PUNCTURE SHOP , B.PALLI",4035182000000000099,INR,0.00,0.00,0.00,0.00,1.00,1.00,1.00,CHIRANJEEVI,BAIREDDYPALLI,SATURDAY
4035182000024203710,"GANGI REDDY PUNCTURE SHOP , PULIMPALLI",4035182000000000099,INR,0.00,0.00,0.00,0.00,1109.00,1109.00,1109.00,RAJESH,CHOWDEPALLI,THURSDAY
4035182000000170447,Garuda Bikes Pvt Ltd. (Suzuki),4035182000000000099,INR,0.00,21197.00,51272.99,0.00,0.00,72469.99,72469.99,CHIRANJEEVI,CHITTOOR,TUESDAY
4035182000000170535,Gayathri Auto Service Center Tpt,4035182000000000099,INR,0.00,0.00,0.00,0.00,4012.00,4012.00,4012.00,SHAHEEN,TIRUPATI,THURSDAY
4035182000003055417,Geetha Automobiles - Santhipuram,4035182000000000099,INR,0.00,6200.00,0.00,0.00,1498.00,7698.00,7698.00,CHIRANJEEVI,KUPPAM,FRIDAY
4035182000000170618,"Gopal Automobiles, Sadum",4035182000000000099,INR,0.00,0.00,3800.00,13294.00,0.00,17094.00,17094.00,VINOD,SADUM,THURSDAY
4035182000023662001,"GOUSE AUTO MOBILES , VAYALAPADU",4035182000000000099,INR,0.00,14956.00,0.00,7563.00,0.00,22519.00,22519.00,RAJESH,VAYALAPADU,TUESDAY
4035182000000170701,"Gouse Scooter Garage , Aragonda",4035182000000000099,INR,0.00,80843.00,0.00,0.00,0.00,80843.00,80843.00,SHAHEEN,ARAGONDA,TUESDAY
4035182000026963173,"GPR AUTO MOBILES,TIRUPATI",4035182000000000099,INR,0.00,3699.00,10499.00,0.00,0.00,14198.00,14198.00,VINOD,TIRUPATI,MONDAY
4035182000000170784,Guru Auto Mobiles V.Kota,4035182000000000099,INR,0.00,0.00,0.00,0.00,100.00,100.00,100.00,CHIRANJEEVI,V KOTA,SATURDAY
4035182000000170867,Gurudhatha spares and Auto mobiles tpt,4035182000000000099,INR,0.00,5651.00,56962.00,0.00,6225.00,68838.00,68838.00,NETHAJI,TIRUPATI,FRIDAY
4035182000000170950,"Hari Auto Works,TPT",4035182000000000099,INR,0.00,0.00,0.00,0.00,1140.00,1140.00,1140.00,SHAHEEN,TIRUPATI,MONDAY
4035182000000171121,Hari om auto parts chandragiri (Nocredit - D),4035182000000000099,INR,0.00,0.00,18395.00,0.00,6498.00,24893.00,24893.00,NETHAJI,CHANDRAGIRI,SATURDAY
4035182000023686617,"HARSHAD PUNCTURE SHOP , PUNGANUR",4035182000000000099,INR,0.00,12022.00,0.00,0.00,10.00,12032.00,12032.00,RAJESH,PUNGANUR,WEDNESDAY
4035182000000171209,"Hindustan Enterprises, V.Kota",4035182000000000099,INR,0.00,550.00,0.00,16472.00,194.00,17216.00,17216.00,CHIRANJEEVI,V KOTA,SATURDAY
4035182000000199213,HINDUSTAN PETROLEUM CORPORATION LTD,4035182000000000099,INR,0.00,0.00,0.00,135899.00,469456.76,605355.76,605355.76,SRINIVAS,VISAKHAPATNAM,MONDAY
4035182000009784639,HITACHI  CASH  MANAGEMENT  SERVICES PVT LTD,4035182000000000099,INR,0.00,12700.00,0.00,6040.00,20755.00,39495.00,39495.00,SHAHEEN,TIRUPATI,MONDAY
4035182000000171380,HKGN Auto mobiles V kota,4035182000000000099,INR,0.00,8121.00,0.00,0.00,0.00,8121.00,8121.00,CHIRANJEEVI,V KOTA,SATURDAY
4035182000000171468,HMR Cycle Shop Puttur,4035182000000000099,INR,0.00,0.00,0.00,0.00,1436.00,1436.00,1436.00,REDDY BABU,PUTTUR,MONDAY
4035182000030607523,"HZSM AUTO MOBILES , MULABAGAL",4035182000000000099,INR,0.00,0.00,6200.00,0.00,0.00,6200.00,6200.00,CHIRANJEEVI,MULBAGAL,THURSDAY
4035182000000171629,INDIAN AUTO MOBILES  KALIKIRI,4035182000000000099,INR,0.00,0.00,0.00,0.00,96318.00,96318.00,96318.00,NETHAJI,KALIKIRI,THURSDAY
4035182000000171717,Indian Tyres  palamaner,4035182000000000099,INR,0.00,11744.00,23420.00,0.00,0.00,35164.00,35164.00,CHIRANJEEVI,PALAMANER,MONDAY
4035182000000171800,"INDIAN TYRES, Mpl",4035182000000000099,INR,0.00,0.00,86528.00,0.00,47426.00,133954.00,133954.00,RAJESH,MADANAPALLE,THURSDAY
4035182000000171971,Jagadeesh Traders Somala,4035182000000000099,INR,0.00,7626.00,0.00,0.00,0.00,7626.00,7626.00,VINOD,SOMALA,THURSDAY
4035182000000172059,Jai  Sonagra Automobiles  Kuppam,4035182000000000099,INR,0.00,100408.00,55500.00,0.00,5002.16,160910.16,160910.16,CHIRANJEEVI,KUPPAM,FRIDAY
4035182000000172147,"Jai Sri Ram Automobiles,TADA",4035182000000000099,INR,0.00,51409.00,51169.00,0.00,50.01,102628.01,102628.01,VINOD,TADA,WEDNESDAY
4035182000000196457,"Jalaganda Vulcanising Works , Ctr",4035182000000000099,INR,0.00,0.00,9756.00,0.00,0.68,9756.68,9756.68,CHIRANJEEVI,CHITTOOR,TUESDAY
4035182000002497260,"Janatha Garage, B N Kandriga",4035182000000000099,INR,0.00,0.00,0.00,0.00,5000.00,5000.00,5000.00,VINOD,B N KANDRIGA,WEDNESDAY
4035182000000172318,Jeevan Auto Mobiles  Vkota,4035182000000000099,INR,0.00,0.00,16368.00,4920.00,0.00,21288.00,21288.00,CHIRANJEEVI,V KOTA,SATURDAY
4035182000001759569,JOY CORPORATION,4035182000000000099,INR,0.00,0.00,0.00,0.00,1100.00,1100.00,1100.00,VINOD,TIRUPATI,TUESDAY
4035182000000172401,K G N Puncher shop Piler,4035182000000000099,INR,0.00,0.00,8397.00,0.00,601.00,8998.00,8998.00,NETHAJI,PILER,THURSDAY
4035182000000172479,K K Batteries B N Kandriga,4035182000000000099,INR,0.00,17436.00,14191.00,13961.00,0.00,45588.00,45588.00,VINOD,B N KANDRIGA,WEDNESDAY
4035182000000172562,"K K R Automobiles,Skht",4035182000000000099,INR,0.00,0.00,0.00,0.00,1000.00,1000.00,1000.00,REDDY BABU,SRIKALAHASTHI,FRIDAY
4035182000000199047,K Venkatesh (Indus Coffee),4035182000000000099,INR,0.00,0.00,0.00,0.00,570.00,570.00,570.00,SRINIVAS,NAIDUPETA,MONDAY
4035182000000172650,K.B.S.  Stores (ARAGONDA),4035182000000000099,INR,0.00,19659.00,0.00,0.00,24594.01,44253.01,44253.01,SHAHEEN,ARAGONDA,TUESDAY
4035182000000172733,"K.R. Auto Mobiles, Kuppam",4035182000000000099,INR,0.00,0.00,10110.00,0.00,0.00,10110.00,10110.00,CHIRANJEEVI,KUPPAM,FRIDAY
4035182000000172816,"K.S.A.M &SONS, SKHT",4035182000000000099,INR,0.00,25921.00,0.00,0.00,0.00,25921.00,25921.00,NETHAJI,SRIKALAHASTHI,WEDNESDAY
4035182000004548417,"K.S.R. ENTERPRISES , PILER",4035182000000000099,INR,0.00,17999.00,0.00,0.00,6650.00,24649.00,24649.00,NETHAJI,PILER,THURSDAY
4035182000000172899,"K.Sidha Reddy, Renigunta",4035182000000000099,INR,0.00,142203.00,0.00,0.00,0.00,142203.00,142203.00,NETHAJI,RENIGUNTA,SATURDAY
4035182000000172982,Kadeer Auto Garage Piler,4035182000000000099,INR,0.00,0.00,0.00,0.00,3076.33,3076.33,3076.33,REDDY BABU,PILER,THURSDAY
4035182000027840889,"KALARAJAN FUEL AGENCY, KUPPAM (NAYARA)",4035182000000000099,INR,0.00,0.00,0.00,708.00,0.00,708.00,708.00,VINOD,KUPPAM,FRIDAY
4035182000000173065,Kalesha Cycle Shop. SKHT,4035182000000000099,INR,0.00,0.00,0.00,0.00,1534.00,1534.00,1534.00,NETHAJI,SRIKALAHASTHI,WEDNESDAY
4035182000000173148,"Kalyan Auto Mobiles  , Damalcheruv",4035182000000000099,INR,0.00,0.00,1811.00,2826.00,3931.00,8568.00,8568.00,NETHAJI,DAMALACHERUVU,TUESDAY
4035182000003038316,Kanakadurga Agro Industries SKHT,4035182000000000099,INR,0.00,0.00,0.00,0.00,601.00,601.00,601.00,NETHAJI,SRIKALAHASTHI,WEDNESDAY
4035182000024203681,"KAREEM AUTO MOBILES  , CHOWDEPALLI",4035182000000000099,INR,0.00,0.00,43112.00,27952.00,0.00,71064.00,71064.00,RAJESH,CHOWDEPALLI,WEDNESDAY
4035182000000173314,Kaveri Auto Mobiles Punganur - NO CREDIT,4035182000000000099,INR,0.00,0.00,0.00,0.00,15889.00,15889.00,15889.00,RAJESH,PUNGANUR,WEDNESDAY
4035182000011580630,"KESHVIN  AUTOMOTORS  PRIVATE LIMITED , TPT",4035182000000000099,INR,0.00,0.00,0.00,0.00,10176.00,10176.00,10176.00,ROHITH SIR,TIRUPATI,MONDAY
4035182000000173480,KESHVIN AUTO MOTIVES  PVT LTD  - TVS,4035182000000000099,INR,0.00,3072.00,0.00,0.00,0.00,3072.00,3072.00,VINOD,TIRUPATI,FRIDAY
4035182000022776534,"KGN AUTO MOBILES , TPT",4035182000000000099,INR,0.00,0.00,0.00,6100.00,0.00,6100.00,6100.00,NETHAJI,TIRUPATI,FRIDAY
4035182000000726130,"KH ENTERPRISES , V.KOTA",4035182000000000099,INR,0.00,0.00,0.00,14425.00,346.00,14771.00,14771.00,CHIRANJEEVI,V KOTA,SATURDAY
4035182000024837084,"KHADARUNNISA TYRES , SKHT",4035182000000000099,INR,0.00,0.00,0.00,0.00,27289.00,27289.00,27289.00,NETHAJI,SRIKALAHASTHI,WEDNESDAY
4035182000000173651,Khan Tyres Mudivedu,4035182000000000099,INR,0.00,64808.00,37031.00,0.00,0.00,101839.00,101839.00,RAJESH,MUDIVEDU,TUESDAY
4035182000000173734,"Khateeb Motors, PILER",4035182000000000099,INR,0.00,0.00,69964.00,46216.00,0.00,116180.00,116180.00,NETHAJI,PILER,THURSDAY
4035182000000173822,Koteswari Auto mobiles Papanaidupeta,4035182000000000099,INR,0.00,18153.00,0.00,0.00,0.00,18153.00,18153.00,NETHAJI,PAPANAIDUPETA,SATURDAY
4035182000000943395,"Koushal Auto Mobiles and Agencies , Chandragiri",4035182000000000099,INR,0.00,0.00,0.00,0.00,16775.00,16775.00,16775.00,NETHAJI,CHANDRAGIRI,SATURDAY
4035182000007783960,"KRISHNA  AUTO MOBILES  , V.KOTA",4035182000000000099,INR,0.00,36566.00,11.00,0.00,0.00,36577.00,36577.00,CHIRANJEEVI,BAIREDDYPALLI,SATURDAY
4035182000004094327,"KRISHNA AUTO MOBILES , SATYAVEDU  COD",4035182000000000099,INR,0.00,0.00,0.00,4766.00,0.00,4766.00,4766.00,NETHAJI,SATHYAVEDU,MONDAY
4035182000000173988,Krishna Automobiles Akarampalli(TPT),4035182000000000099,INR,0.00,0.00,0.00,0.00,17432.44,17432.44,17432.44,VINOD,TIRUPATI,TUESDAY
4035182000029064649,"KRISHNA AUTOMOBILES, SKHT",4035182000000000099,INR,0.00,55259.00,3800.00,0.00,0.00,59059.00,59059.00,NETHAJI,SRIKALAHASTHI,WEDNESDAY
4035182000000238398,"Kumar Autogarage Spares& Service, TPT",4035182000000000099,INR,0.00,0.00,11632.00,0.00,0.00,11632.00,11632.00,NETHAJI,TIRUPATI,FRIDAY
4035182000000174076,Kun Motorcycle Pvt Ltd Tpt - HONDA,4035182000000000099,INR,5645.00,0.00,0.00,32452.00,1.00,38098.00,38098.00,VINOD,TIRUPATI,FRIDAY
4035182000028127278,"KUPPASWAMY AGENCIES , NAGALAPURAM(NAYARA)",4035182000000000099,INR,0.00,0.00,0.00,4075.00,0.00,4075.00,4075.00,VINOD,NAGALAPURAM,MONDAY
4035182000000174164,Lakshmi Auto Mobiles Rajpeta,4035182000000000099,INR,0.00,11699.00,0.00,0.00,4256.00,15955.00,15955.00,CHIRANJEEVI,RAJPETA,SATURDAY
4035182000000174254,"Lakshmi Auto Spares, Nagari",4035182000000000099,INR,0.00,51887.00,73359.00,0.00,0.27,125246.27,125246.27,NETHAJI,NAGARI,MONDAY
4035182000026964210,"LAKSHMI BALAJI SERVICE CENTER, TIRUPATI",4035182000000000099,INR,0.00,0.00,0.00,0.00,1700.00,1700.00,1700.00,VINOD,TIRUPATI,MONDAY
4035182000000174342,Lakshmi Chandana Traders  Tpt,4035182000000000099,INR,0.00,0.00,0.00,0.00,21913.00,21913.00,21913.00,SHAHEEN,TIRUPATI,MONDAY
4035182000000174425,"Lakshmi Sai Ganesh TyresValconizing Works,Kanipakam",4035182000000000099,INR,0.00,0.00,0.00,0.00,310.00,310.00,310.00,NETHAJI,KANIPAKAM,TUESDAY
4035182000027984008,"LAXMI AUTO MOBILES , TPT",4035182000000000099,INR,0.00,19512.00,28696.00,31137.00,0.00,79345.00,79345.00,NETHAJI,TIRUPATI,FRIDAY
4035182000000174508,Lucky Auto Mobiles Pakala,4035182000000000099,INR,0.00,0.00,0.00,0.00,7600.00,7600.00,7600.00,REDDY BABU,PAKALA,TUESDAY
4035182000028668153,"M B MOTORS, TIRUPATI",4035182000000000099,INR,0.00,1130.00,0.00,0.00,0.00,1130.00,1130.00,VINOD,TIRUPATI,TUESDAY
4035182000000174762,"M D S Automobiles, Kallur",4035182000000000099,INR,0.00,57521.00,24068.00,5849.00,0.00,87438.00,87438.00,VINOD,KALLUR,THURSDAY
4035182000000174850,"M K C Cycles Spares , Nagari",4035182000000000099,INR,7141.00,15161.00,15.00,0.00,201.00,22518.00,22518.00,NETHAJI,NAGARI,MONDAY
4035182000000174933,M.G AUTO MOBILES GURRAMKONDA,4035182000000000099,INR,0.00,0.00,21242.00,0.00,3104.44,24346.44,24346.44,RAJESH,GURRAMKONDA,TUESDAY
4035182000000175011,"M.Jani Ahmad(M.A. Traders,) Sulurpeta",4035182000000000099,INR,0.00,0.00,0.00,15233.00,5478.00,20711.00,20711.00,VINOD,SULLURPETA,WEDNESDAY
4035182000028949001,"M.S.M AUTOMOBILES, PUNGANUR",4035182000000000099,INR,0.00,0.00,3055.00,0.00,0.00,3055.00,3055.00,RAJESH,PUNGANUR,WEDNESDAY
4035182000006581027,"M.V.Engine Oil &Auto Mobiles , Renigunta (AD PMT)",4035182000000000099,INR,0.00,0.00,0.00,0.00,5328.00,5328.00,5328.00,NETHAJI,RENIGUNTA,SATURDAY
4035182000002615233,"M/S NOMESSWARI CONSTRUCTIONS , CTR",4035182000000000099,INR,0.00,35023.00,30000.00,0.00,0.00,65023.00,65023.00,CHIRANJEEVI,CHITTOOR,TUESDAY
4035182000002415691,"M/S NOOR AUTO MOBILES , PUNGANUR",4035182000000000099,INR,0.00,0.00,14750.00,0.00,1999.00,16749.00,16749.00,RAJESH,PUNGANUR,WEDNESDAY
4035182000000175182,M/s. Amararaja Batteries Limited,4035182000000000099,INR,0.00,0.00,0.00,0.00,103565.28,103565.28,103565.28,SRINIVAS,RENIGUNTA,MONDAY
4035182000000175358,"Madeena Auto Mobiles , Yerravaripalem",4035182000000000099,INR,0.00,21729.00,0.00,40.00,0.00,21769.00,21769.00,VINOD,YERRAVARIPALEM,THURSDAY
4035182000000175436,madeena auto mobiles rompicherla,4035182000000000099,INR,0.00,0.00,0.00,0.00,939.52,939.52,939.52,NETHAJI,ROMPICHERLA,THURSDAY
4035182000000175514,"Madeena Automobiles , Kalikiri",4035182000000000099,INR,0.00,0.00,0.00,0.00,46980.00,46980.00,46980.00,NETHAJI,KALIKIRI,THURSDAY
4035182000000198532,Madeena Automobiles - Nerabailu,4035182000000000099,INR,0.00,7989.00,0.00,0.00,2104.00,10093.00,10093.00,VINOD,BAKARAPETA,THURSDAY
4035182000027622341,"MADEENA AUTOMOBILES, KALIKIRI",4035182000000000099,INR,0.00,0.00,0.00,0.00,7059.00,7059.00,7059.00,REDDY BABU,KALIKIRI,THURSDAY
4035182000009972785,MADEENA TRACTOR SPARES B.KOTHAKOTA,4035182000000000099,INR,0.00,0.00,29999.00,0.00,0.00,29999.00,29999.00,RAJESH,B.KOTHAKOTA,FRIDAY
4035182000000175602,"Madeena Tyres, Palamaner",4035182000000000099,INR,0.00,0.00,7654.00,7590.00,8617.00,23861.00,23861.00,CHIRANJEEVI,PALAMANER,MONDAY
4035182000001632044,"Madeena Tyres, Piler",4035182000000000099,INR,0.00,31832.00,0.00,33243.00,0.00,65075.00,65075.00,NETHAJI,PILER,THURSDAY
4035182000000175690,"Madhina Automobiles, Kallur",4035182000000000099,INR,0.00,0.00,0.00,0.00,2717.00,2717.00,2717.00,VINOD,KALLUR,THURSDAY
4035182000000175778,"Madhu Automobiles, Mangalam TPT",4035182000000000099,INR,0.00,14659.00,0.00,31983.00,0.00,46642.00,46642.00,VINOD,TIRUPATI,TUESDAY
4035182000000175866,"Madhu Mechanic , Tpt",4035182000000000099,INR,0.00,0.00,0.00,0.00,9034.00,9034.00,9034.00,SHAHEEN,TIRUPATI,THURSDAY
4035182000000175949,"Mahadev Auto Mobiles , Mpl",4035182000000000099,INR,0.00,145255.00,108598.00,0.00,2.00,253855.00,253855.00,RAJESH,MADANAPALLE,THURSDAY
4035182000000176037,"Mahalakshmi A/m , Mpl",4035182000000000099,INR,0.00,0.00,0.00,0.00,10000.00,10000.00,10000.00,RAJESH,MADANAPALLE,THURSDAY
4035182000000198615,"MAHALAKSHMI AUTO SPARES , VARADAYAPALEM",4035182000000000099,INR,0.00,51792.00,15704.00,48803.00,1317.00,117616.00,117616.00,VINOD,VARADAYAPALEM,WEDNESDAY
4035182000000176125,Mahalakshmi M Sand and Road Metal Industries,4035182000000000099,INR,0.00,0.00,0.00,0.00,36000.00,36000.00,36000.00,SURESH SIR,KURNOOL,MONDAY
4035182000000983378,"Mahendra Oils Stores,Chittoor",4035182000000000099,INR,0.00,47199.00,0.00,0.00,0.00,47199.00,47199.00,CHIRANJEEVI,CHITTOOR,TUESDAY
4035182000025162356,"Malik Automobiles , PALAMANER",4035182000000000099,INR,0.00,33929.00,2000.00,0.00,0.00,35929.00,35929.00,CHIRANJEEVI,PALAMANER,MONDAY
4035182000000176296,Malik Oil Stores Palamaner,4035182000000000099,INR,0.00,4400.00,0.00,0.00,0.00,4400.00,4400.00,CHIRANJEEVI,PALAMANER,MONDAY
4035182000000176384,MALIK TYRES Vayalapadu,4035182000000000099,INR,0.00,16727.00,36858.02,0.00,0.00,53585.02,53585.02,RAJESH,VAYALAPADU,TUESDAY
4035182000000176467,"Mallem Automobiles,Mulakalacheruvu",4035182000000000099,INR,0.00,12234.00,0.00,0.00,5009.00,17243.00,17243.00,RAJESH,MULAKALACHERUVU,FRIDAY
4035182000000176550,Mangal Industries Limited,4035182000000000099,INR,0.00,11139.00,34089.52,0.00,0.00,45228.52,45228.52,SRINIVAS,RENIGUNTA,MONDAY
4035182000000176638,"Mani Cycle Shop , Renigunta",4035182000000000099,INR,0.00,0.00,6622.00,0.00,3020.08,9642.08,9642.08,NETHAJI,RENIGUNTA,SATURDAY
4035182000000176721,Mani Cycle Shop Nagari,4035182000000000099,INR,0.00,0.00,9541.00,0.00,0.00,9541.00,9541.00,NETHAJI,NAGARI,MONDAY
4035182000000176804,"Mani Rao Puncture Shop , Nendra Gunta",4035182000000000099,INR,0.00,10013.00,0.00,0.00,0.00,10013.00,10013.00,NETHAJI,NENDRA GUNTA,TUESDAY
4035182000000176887,"Manjunatha Automobiles , B.Kotthakota",4035182000000000099,INR,0.00,0.00,12547.00,0.00,2824.00,15371.00,15371.00,RAJESH,B.KOTHAKOTA,FRIDAY
4035182000020795373,MANOJ TYRES TIRUPATI,4035182000000000099,INR,0.00,12986.00,0.00,0.00,0.00,12986.00,12986.00,VINOD,TIRUPATI,MONDAY
4035182000000177058,"Maruthi Automobiles,Palamaner COD",4035182000000000099,INR,0.00,0.00,0.00,0.00,3000.00,3000.00,3000.00,CHIRANJEEVI,PALAMANER,MONDAY
4035182000000177146,"MARUTHI TYRE SHOP , CHITTOOR",4035182000000000099,INR,0.00,0.00,0.00,0.00,13813.00,13813.00,13813.00,CHIRANJEEVI,CHITTOOR,TUESDAY
4035182000002497833,Masha Allah Automobiles - Palamaner COD,4035182000000000099,INR,0.00,0.00,0.00,0.00,7452.00,7452.00,7452.00,CHIRANJEEVI,PALAMANER,MONDAY
4035182000000177229,Mashallah Auto Mobilles Bangarupalem,4035182000000000099,INR,0.00,0.00,0.00,0.00,14.00,14.00,14.00,CHIRANJEEVI,BANGARUPALEM,MONDAY
4035182000000177317,"Master Distributors,Kuppam",4035182000000000099,INR,0.00,41639.00,36000.00,0.60,0.00,77639.60,77639.60,CHIRANJEEVI,KUPPAM,FRIDAY
4035182000000177488,"Mayuri Automobiles, Ramasamudram",4035182000000000099,INR,0.00,0.00,0.00,0.00,1038.00,1038.00,1038.00,RAJESH,RAMASAMUDRAM,WEDNESDAY
4035182000000954486,"MDH WHEELS PRIVATE LIMITED , TPT",4035182000000000099,INR,0.00,0.00,0.00,0.00,5043.00,5043.00,5043.00,SRINIVAS,TIRUPATI,MONDAY
4035182000000177571,Ministry of Railways,4035182000000000099,INR,0.00,0.00,0.00,0.00,6006.00,6006.00,6006.00,SURESH SIR,TIRUPATI,MONDAY
4035182000000177649,"MJM Automobiles, Mpl",4035182000000000099,INR,0.00,16918.00,0.00,0.00,1715.00,18633.00,18633.00,RAJESH,MADANAPALLE,THURSDAY
4035182000002497901,Modern Engineering Works -  MPL,4035182000000000099,INR,0.00,0.00,29500.00,0.00,4245.00,33745.00,33745.00,RAJESH,MADANAPALLE,THURSDAY
4035182000000238492,"Mohan Automobiles, V.Kota",4035182000000000099,INR,0.00,0.00,5833.00,0.00,0.00,5833.00,5833.00,CHIRANJEEVI,V KOTA,SATURDAY
4035182000000108463,Mohana Tyres Tpt,4035182000000000099,INR,0.00,235752.00,0.00,0.00,0.00,235752.00,235752.00,NETHAJI,TIRUPATI,FRIDAY
4035182000002708475,"MONIKA  AUTO MOBILES , NAGARI",4035182000000000099,INR,0.00,0.00,76306.00,0.00,0.00,76306.00,76306.00,NETHAJI,NAGARI,MONDAY
4035182000000177810,MR AUTO MOBIES SKHT,4035182000000000099,INR,0.00,0.00,0.00,0.00,3481.00,3481.00,3481.00,REDDY BABU,SRIKALAHASTHI,FRIDAY
4035182000000177971,MRM SUNIL AUTO MOBILES PUNGANUR,4035182000000000099,INR,0.00,30566.00,0.00,0.00,0.00,30566.00,30566.00,RAJESH,PUNGANUR,WEDNESDAY
4035182000000178054,MSN Auto Mobiles 7th Mile,4035182000000000099,INR,0.00,12029.00,0.00,0.00,6594.00,18623.00,18623.00,CHIRANJEEVI,KUPPAM,FRIDAY
4035182000002195722,MSR CEMENT BRICKS,4035182000000000099,INR,0.00,0.00,0.00,0.00,27510.00,27510.00,27510.00,SRINIVAS,RENIGUNTA,MONDAY
4035182000000178137,"Mubarak A/m , Baireddypalli",4035182000000000099,INR,0.00,6491.00,0.00,0.00,78.00,6569.00,6569.00,CHIRANJEEVI,BAIREDDYPALLI,SATURDAY
4035182000025167654,"MUHAMMAD TRADERS,NAIDUPETA",4035182000000000099,INR,0.00,13929.00,0.00,0.00,0.00,13929.00,13929.00,VINOD,NAIDUPETA,WEDNESDAY
4035182000000178220,Muni Sekar Cycel Shop R Mallavaram,4035182000000000099,INR,0.00,19836.00,3564.00,0.00,0.00,23400.00,23400.00,VINOD,MALLAVARAM,WEDNESDAY
4035182000001666325,"Muni Volcanising, Skht( J Narasimhulu)",4035182000000000099,INR,0.00,0.00,0.00,0.00,3000.00,3000.00,3000.00,NETHAJI,SRIKALAHASTHI,WEDNESDAY
4035182000000510597,"Munishwar EarthMovers &JCB Parts , Kuppam",4035182000000000099,INR,0.00,0.00,13729.00,0.00,0.00,13729.00,13729.00,CHIRANJEEVI,KUPPAM,FRIDAY
4035182000000178303,MUNNA Automobiles MPL,4035182000000000099,INR,0.00,0.00,74002.00,46622.12,0.00,120624.12,120624.12,RAJESH,MADANAPALLE,THURSDAY
4035182000000178386,"N.S Enterprises, Punganur",4035182000000000099,INR,0.00,0.00,0.00,0.00,15061.00,15061.00,15061.00,RAJESH,PUNGANUR,WEDNESDAY
4035182000000178469,Narayana Enterprises Auto nagar,4035182000000000099,INR,0.00,0.00,0.00,0.00,6399.99,6399.99,6399.99,SHAHEEN,TIRUPATI,MONDAY
4035182000029256180,"NARENDRA AUTOMOBILES, RENIGUNTA",4035182000000000099,INR,0.00,54530.00,120950.00,0.00,0.00,175480.00,175480.00,NETHAJI,RENIGUNTA,SATURDAY
4035182000000178547,"Naveen Automobiles, Chowdepalli",4035182000000000099,INR,0.00,0.00,24856.00,0.00,362.00,25218.00,25218.00,RAJESH,CHOWDEPALLI,WEDNESDAY
4035182000026628131,"Navyasri Puncture Shop, Vayalpadu",4035182000000000099,INR,0.00,0.00,0.00,0.00,43554.00,43554.00,43554.00,RAJESH,VAYALAPADU,TUESDAY
4035182000000880012,Nawab Auto Mobiles  Kuppam,4035182000000000099,INR,0.00,0.00,0.00,0.00,46.00,46.00,46.00,CHIRANJEEVI,KUPPAM,FRIDAY
4035182000001483760,New Bharath Automobiles - Madanapalle,4035182000000000099,INR,0.00,0.00,0.00,0.00,4000.00,4000.00,4000.00,RAJESH,MADANAPALLE,THURSDAY
4035182000000490779,"NEW CYCLING  CITY , TPT",4035182000000000099,INR,0.00,0.00,0.00,13171.00,0.00,13171.00,13171.00,NETHAJI,TIRUPATI,FRIDAY
4035182000000178630,"New Indian Cycle Works, Punganur",4035182000000000099,INR,0.00,21508.00,0.00,0.00,0.00,21508.00,21508.00,RAJESH,PUNGANUR,WEDNESDAY
4035182000000178796,"New Ramdev Automobiles,Piler",4035182000000000099,INR,0.00,0.00,35278.00,0.00,6.00,35284.00,35284.00,NETHAJI,PILER,THURSDAY
4035182000000178884,New seenu auto mobiles pichatur,4035182000000000099,INR,0.00,0.00,0.00,0.00,42.00,42.00,42.00,NETHAJI,PICHATUR,MONDAY
4035182000021419252,"NEW STAR AUTO AGENCY  , RAYACHOTI",4035182000000000099,INR,0.00,42243.00,0.00,2.00,4.00,42249.00,42249.00,OFFICE,RAYACHOTI,MONDAY
4035182000026646514,"NIRANJAN  AUTO  GARAGE , TPT",4035182000000000099,INR,0.00,51099.00,0.00,0.00,0.00,51099.00,51099.00,VINOD,TIRUPATI,MONDAY
4035182000000179040,NSR Auto mobiles V Kota,4035182000000000099,INR,0.00,89254.00,21269.00,0.00,0.00,110523.00,110523.00,CHIRANJEEVI,V KOTA,SATURDAY
4035182000000179201,"Om Sai Durga Parameswara A/m , Bakarapeta",4035182000000000099,INR,0.00,0.00,0.00,0.00,5428.00,5428.00,5428.00,VINOD,BAKARAPETA,THURSDAY
4035182000000179284,"Om Sai Ram Bikes & Car Decors , mpl",4035182000000000099,INR,0.00,6640.00,0.00,0.00,0.00,6640.00,6640.00,RAJESH,MADANAPALLE,THURSDAY
4035182000000345415,"Om Sri Subramanyam Automobiles ,Bakarapeta",4035182000000000099,INR,0.00,30196.00,0.00,0.00,0.00,30196.00,30196.00,VINOD,BAKARAPETA,THURSDAY
4035182000000179367,"Om Sri Vinayaka A/m , Pakala",4035182000000000099,INR,0.00,8395.00,0.00,0.00,0.00,8395.00,8395.00,VINOD,PAKALA,TUESDAY
4035182000000179450,P.N.S CYCLES RENIGUNTA,4035182000000000099,INR,0.00,0.00,0.00,30605.00,0.00,30605.00,30605.00,NETHAJI,RENIGUNTA,SATURDAY
4035182000015594001,"P.R AUTO MOBILES ,PULLURU CROSS",4035182000000000099,INR,0.00,0.00,0.00,0.00,28610.00,28610.00,28610.00,VINOD,PACHIKAPALAM,MONDAY
4035182000031234059,"PAANDU PUNCTURE SHOP , MPL",4035182000000000099,INR,0.00,5078.00,0.00,0.00,0.00,5078.00,5078.00,RAJESH,MADANAPALLE,THURSDAY
4035182000000179538,"Paras Auto Spares, Nagalapuram",4035182000000000099,INR,0.00,0.00,15441.00,5754.00,757.00,21952.00,21952.00,NETHAJI,NAGALAPURAM,MONDAY
4035182000000179621,"Pasuparthy Enterprise Co.,Tpt",4035182000000000099,INR,0.00,5422.00,0.00,3.00,269.00,5694.00,5694.00,VINOD,TIRUPATI,TUESDAY
4035182000000179709,PBG (SHAR),4035182000000000099,INR,0.00,0.00,0.00,0.00,164935.00,164935.00,164935.00,SUJAY,NELLORE,MONDAY
4035182000010718149,"PM AUTOMOBILES SPARES , PATUR ( COD )",4035182000000000099,INR,0.00,0.00,0.00,0.00,19839.00,19839.00,19839.00,NETHAJI,DAMALACHERUVU,TUESDAY
4035182000000179787,PNR Tyres and Tubes  Piler,4035182000000000099,INR,0.00,15805.00,71888.00,3800.00,0.56,91493.56,91493.56,NETHAJI,PILER,THURSDAY
4035182000007523784,"POOJA  AUTO MOBILES  , PALAMANER ( COD )",4035182000000000099,INR,0.00,0.00,8000.00,0.00,0.00,8000.00,8000.00,CHIRANJEEVI,PALAMANER,MONDAY
4035182000006152081,"POPULAR  STICKERSAND ACCERIES , TPT",4035182000000000099,INR,0.00,0.00,0.00,1200.00,0.00,1200.00,1200.00,VINOD,TIRUPATI,MONDAY
4035182000009878034,"PR AUTO MOBILES , TPT",4035182000000000099,INR,0.00,5187.00,61873.00,18251.00,16956.00,102267.00,102267.00,NETHAJI,TIRUPATI,FRIDAY
4035182000000196213,PR auto mobiles pachikapalam,4035182000000000099,INR,0.00,24290.00,18766.00,0.00,12920.00,55976.00,55976.00,VINOD,PACHIKAPALAM,MONDAY
4035182000000197204,PR Reddy Infrastructures,4035182000000000099,INR,0.00,0.00,0.00,0.00,50568.00,50568.00,50568.00,SRINIVAS,KURNOOL,MONDAY
4035182000000179870,"Prabha Engineering Works , Chittoor",4035182000000000099,INR,0.00,0.00,0.00,0.00,94.00,94.00,94.00,CHIRANJEEVI,CHITTOOR,TUESDAY
4035182000000179958,Pranathi Enterprises  Puttur,4035182000000000099,INR,0.00,0.00,0.00,0.00,52947.00,52947.00,52947.00,NETHAJI,PUTTUR,MONDAY
4035182000000180041,Prasad  Auto Mobiles  Chittoor,4035182000000000099,INR,0.00,0.00,30622.00,0.00,24918.00,55540.00,55540.00,CHIRANJEEVI,CHITTOOR,TUESDAY
4035182000000180124,Praveen  Tpt,4035182000000000099,INR,0.00,38650.00,45790.00,0.00,8441.00,92881.00,92881.00,NETHAJI,TIRUPATI,FRIDAY
4035182000019416549,"PREM TYRES , CTR",4035182000000000099,INR,0.00,25.00,84447.00,37625.00,0.00,122097.00,122097.00,CHIRANJEEVI,CHITTOOR,TUESDAY
4035182000000180207,"Prudhvi Auto Mobiles, Airbypass- HERO",4035182000000000099,INR,0.00,0.00,0.00,0.00,12209.80,12209.80,12209.80,NETHAJI,TIRUPATI,MONDAY
4035182000026597003,"Prudhvi Auto Mobiles, Airbypass- HERO ( NEW), TIRUPATI",4035182000000000099,INR,0.00,0.00,0.00,0.00,15631.00,15631.00,15631.00,VINOD,TIRUPATI,FRIDAY
4035182000000180295,PUSHPIT STEELS PRIVATE LIMITED,4035182000000000099,INR,0.00,0.00,0.00,0.00,36427.00,36427.00,36427.00,SUJAY,SRIKALAHASTHI,MONDAY
4035182000029814619,PVR AUTOMOBILES - VARADAIAHPALEM,4035182000000000099,INR,0.00,3780.00,0.00,0.00,0.00,3780.00,3780.00,VINOD,VARADAYAPALEM,WEDNESDAY
4035182000000180378,"R.K Hyundai,Tpt",4035182000000000099,INR,0.00,0.00,0.00,0.00,3250.00,3250.00,3250.00,SURESH SIR,TIRUPATI,MONDAY
4035182000000180466,"R.K.ENTERPRISES, TPT - Yamaha TW",4035182000000000099,INR,0.00,7444.00,11771.00,0.00,25140.00,44355.00,44355.00,VINOD,TIRUPATI,FRIDAY
4035182000000180554,"R.K.Enterprises,APE S/R, TPT",4035182000000000099,INR,0.00,0.00,0.00,0.00,800.00,800.00,800.00,SHAHEEN,TIRUPATI,MONDAY
4035182000000238609,"R.R Automobiles,Palamaner",4035182000000000099,INR,0.00,0.00,0.00,0.00,1400.00,1400.00,1400.00,CHIRANJEEVI,PALAMANER,MONDAY
4035182000000180637,"Rafi Cycle Shop, Papanaidupet",4035182000000000099,INR,0.00,10159.00,80.00,4731.00,0.00,14970.00,14970.00,NETHAJI,PAPANAIDUPETA,SATURDAY
4035182000000180720,"Raghavendra  Tyres  , MPL",4035182000000000099,INR,0.00,0.00,0.00,0.00,9054.00,9054.00,9054.00,RAJESH,MADANAPALLE,THURSDAY
4035182000000808067,Raghavendra Hydrolics Tpt,4035182000000000099,INR,0.00,0.00,0.00,0.00,53100.00,53100.00,53100.00,VINOD,TIRUPATI,TUESDAY
4035182000000180803,Ragova Developers  & Auto Services Pvt Ltd- BAJAJ,4035182000000000099,INR,0.00,16732.00,0.41,0.00,0.00,16732.41,16732.41,SUJAY,TIRUPATI,MONDAY
4035182000000181147,Raj Tyre World,4035182000000000099,INR,0.00,0.00,0.00,0.00,79004.00,79004.00,79004.00,SRINIVAS,TIRUPATI,MONDAY
4035182000000238670,RAJESH KUMAR TYRES BAIREDDYPALLI,4035182000000000099,INR,0.00,7913.00,0.00,0.00,0.00,7913.00,7913.00,CHIRANJEEVI,BAIREDDYPALLI,SATURDAY
4035182000000181235,Rajeswari Cycle & Auto Spares Tpt,4035182000000000099,INR,0.00,23126.00,0.00,0.00,0.00,23126.00,23126.00,VINOD,TIRUPATI,TUESDAY
4035182000000197785,"Ram murthy Naidu Puncture Shop , Puthalapattu",4035182000000000099,INR,0.00,0.00,0.00,4513.00,0.00,4513.00,4513.00,NETHAJI,PUTHALAPATTU,TUESDAY
4035182000029961770,"RAMA DEVI MOTORS , BANGARUPALYAM",4035182000000000099,INR,0.00,9950.00,0.00,0.00,0.00,9950.00,9950.00,CHIRANJEEVI,BANGARUPALEM,MONDAY
4035182000000181323,Ramdev Auto Mobiles Punganur,4035182000000000099,INR,0.00,44822.00,3842.00,0.00,0.00,48664.00,48664.00,RAJESH,PUNGANUR,WEDNESDAY
4035182000000181411,RAMDEV AUTO MOBILES RENIGUNTA,4035182000000000099,INR,0.00,3459.00,20763.00,40402.00,0.00,64624.00,64624.00,NETHAJI,RENIGUNTA,SATURDAY
4035182000000181489,"RAMDEV AUTO MOBILES,SKHT",4035182000000000099,INR,0.00,0.00,0.00,12138.00,0.00,12138.00,12138.00,NETHAJI,SRIKALAHASTHI,WEDNESDAY
4035182000000181577,"Ramdev Automobiles, MPL",4035182000000000099,INR,0.00,82793.00,0.00,0.00,309.00,83102.00,83102.00,RAJESH,MADANAPALLE,THURSDAY
4035182000032173080,"RAMESH FERTILIZERS, VELIGALLU",4035182000000000099,INR,0.00,8268.00,0.00,0.00,0.00,8268.00,8268.00,RAJESH,MUDIVEDU,TUESDAY
4035182000000238693,"Rameswara Automobiles,Pichatur",4035182000000000099,INR,0.00,46695.00,7049.00,0.00,2240.00,55984.00,55984.00,NETHAJI,PICHATUR,MONDAY
4035182000000181665,"Rasheed Royal Cycle Mart , Ctr",4035182000000000099,INR,0.00,46511.00,3354.00,0.00,0.00,49865.00,49865.00,CHIRANJEEVI,CHITTOOR,TUESDAY
4035182000010042005,RAVANDS CONTROLS LLP,4035182000000000099,INR,0.00,0.00,0.00,0.00,117563.00,117563.00,117563.00,SURESH SIR,CHITTOOR,TUESDAY
4035182000003221902,RIYANSH ENTERPRISES,4035182000000000099,INR,0.00,0.00,0.00,0.00,187004.00,187004.00,187004.00,SRINIVAS,HYDERABAD,MONDAY
4035182000001681028,"RIYAZ AUTO SPARES , MARRIPADU",4035182000000000099,INR,0.00,0.00,0.00,0.00,35154.00,35154.00,35154.00,RAJESH,MADANAPALLE,THURSDAY
4035182000000199301,"RK  AGRI TOOLS , VARADAYAPALEM",4035182000000000099,INR,0.00,0.00,0.00,0.00,46693.96,46693.96,46693.96,NETHAJI,VARADAYAPALEM,FRIDAY
4035182000000181831,Rk Traders  Ctr,4035182000000000099,INR,0.00,0.00,0.00,0.00,2.00,2.00,2.00,CHIRANJEEVI,CHITTOOR,TUESDAY
4035182000003086493,"ROYAL  AUTO MOBILES , CHITTOOR",4035182000000000099,INR,0.00,31001.00,0.00,0.00,0.00,31001.00,31001.00,CHIRANJEEVI,CHITTOOR,TUESDAY
4035182000003028053,"Royal Barium Salts ,  Gajulamandyam",4035182000000000099,INR,0.00,0.00,0.00,0.00,3400.00,3400.00,3400.00,SHAHEEN,GAJULAMANDYAM,TUESDAY
4035182000002161460,ROYAL BISON AUTO RENTALS INDIA  PVT LTD,4035182000000000099,INR,0.00,0.00,0.00,0.00,890.00,890.00,890.00,SHAHEEN,TIRUPATI,TUESDAY
4035182000026304234,"ROYAL TRADERS, MADANAPALLE",4035182000000000099,INR,0.00,0.00,0.00,9917.00,1.00,9918.00,9918.00,RAJESH,MADANAPALLE,THURSDAY
4035182000000181914,"Royal Tyres,Mpl",4035182000000000099,INR,0.00,0.00,0.00,0.00,1.00,1.00,1.00,RAJESH,MADANAPALLE,THURSDAY
4035182000000182002,RR Enterprises  MPL,4035182000000000099,INR,0.00,0.00,0.00,0.00,282708.00,282708.00,282708.00,RAJESH,MADANAPALLE,THURSDAY
4035182000000182090,RR Tyres Palamaner,4035182000000000099,INR,0.00,0.00,0.00,0.00,940.00,940.00,940.00,CHIRANJEEVI,PALAMANER,MONDAY
4035182000000182173,"Ruby Automobiles,Chandragiri (Bajaj)",4035182000000000099,INR,0.00,17990.00,0.00,0.00,0.00,17990.00,17990.00,NETHAJI,CHANDRAGIRI,SATURDAY
4035182000000238726,"Rupesh A/m , Chandragiri ( Yamaha Showroom)",4035182000000000099,INR,0.00,12938.00,0.00,0.00,0.00,12938.00,12938.00,NETHAJI,CHANDRAGIRI,SATURDAY
4035182000000199384,"S A   BISMILLA   TYRES  , V.KOTA",4035182000000000099,INR,0.00,0.00,0.00,0.00,6909.00,6909.00,6909.00,CHIRANJEEVI,V KOTA,SATURDAY
4035182000000182261,"S J Auto Mobiles , Ramakuppam",4035182000000000099,INR,0.00,14891.00,11371.00,0.00,0.00,26262.00,26262.00,CHIRANJEEVI,RAMAKUPPAM,SATURDAY
4035182000000182349,"S Jayaprakash Automobiles,Damalcheruvu",4035182000000000099,INR,0.00,0.00,4.00,0.00,0.00,4.00,4.00,NETHAJI,DAMALACHERUVU,TUESDAY
4035182000000196618,S K Auto mobiles Vkota,4035182000000000099,INR,0.00,0.00,0.00,34724.00,0.00,34724.00,34724.00,CHIRANJEEVI,V KOTA,SATURDAY
4035182000000182432,"S V C  Cycles Shop,  Pakala",4035182000000000099,INR,0.00,0.00,0.00,1353.00,0.00,1353.00,1353.00,NETHAJI,PAKALA,TUESDAY
4035182000000199716,"S.B.S CYCLE STORE , BANGARUPALEM",4035182000000000099,INR,0.00,0.00,0.00,7775.00,0.00,7775.00,7775.00,CHIRANJEEVI,BANGARUPALEM,MONDAY
4035182000010300346,"S.K AUTOMOBILS ,THAMBALLPALLE",4035182000000000099,INR,0.00,873.00,0.00,0.00,0.00,873.00,873.00,RAJESH,THAMBALLPALLE,TUESDAY
4035182000000182515,"S.M.S Cycle Shop,TPT (Giddangi Street)",4035182000000000099,INR,0.00,1726.00,0.00,2.00,0.00,1728.00,1728.00,NETHAJI,TIRUPATI,FRIDAY
4035182000000182686,S.S Automobiles Palamaner,4035182000000000099,INR,0.00,64860.00,0.00,0.00,9563.00,74423.00,74423.00,CHIRANJEEVI,PALAMANER,MONDAY
4035182000008129645,"S.V. TYRES , UTHUKOTTAI",4035182000000000099,INR,0.00,40527.00,0.00,0.00,0.00,40527.00,40527.00,NETHAJI,UTHUKOTTAI,MONDAY
4035182000000182774,"S.V.Auto Works  , Tpt",4035182000000000099,INR,0.00,5820.00,7877.00,1032.00,0.00,14729.00,14729.00,VINOD,TIRUPATI,TUESDAY
4035182000006169005,"S.V.R CYCLE SHOP, SKHT",4035182000000000099,INR,0.00,0.00,14104.00,0.00,0.00,14104.00,14104.00,NETHAJI,SRIKALAHASTHI,WEDNESDAY
4035182000006302005,"SA Automobiles , Varadayapalem",4035182000000000099,INR,0.00,25552.00,12900.00,26329.00,0.00,64781.00,64781.00,VINOD,VARADAYAPALEM,WEDNESDAY
4035182000000183106,"Sagar Motor Comp Pvt Ltd, Tpt - HONDA TW",4035182000000000099,INR,0.00,68497.00,5645.00,42935.48,0.00,117077.48,117077.48,VINOD,TIRUPATI,FRIDAY
4035182000000183194,"Sai Auto Garage,Tpt",4035182000000000099,INR,0.00,0.00,0.00,0.00,3859.00,3859.00,3859.00,SHAHEEN,TIRUPATI,WEDNESDAY
4035182000000183360,"Sai Enterprises,Chittoor",4035182000000000099,INR,0.00,0.00,0.00,0.00,9200.00,9200.00,9200.00,CHIRANJEEVI,CHITTOOR,TUESDAY
4035182000000183531,Sai Madhu Cycle Shop kommireddygaripalli,4035182000000000099,INR,0.00,0.00,0.00,0.00,16386.00,16386.00,16386.00,NETHAJI,PAKALA,TUESDAY
4035182000000108124,"Sai Ram Tyres, Tpt",4035182000000000099,INR,0.00,0.00,0.00,0.00,16800.00,16800.00,16800.00,SHAHEEN,TIRUPATI,MONDAY
4035182000000183614,"Sai Sudha Enterprises,Puthalapattu",4035182000000000099,INR,0.00,11344.00,0.00,0.00,1943.64,13287.64,13287.64,NETHAJI,PUTHALAPATTU,TUESDAY
4035182000000183697,Sai Surya Motors CTR,4035182000000000099,INR,0.00,34983.00,28129.00,2.00,3453.00,66567.00,66567.00,CHIRANJEEVI,CHITTOOR,TUESDAY
4035182000000183785,"Sai Welding  Electrical E/W, Chinthaparthi",4035182000000000099,INR,0.00,3867.00,18887.00,1112.00,0.00,23866.00,23866.00,NETHAJI,CHINTHAPARTHY,THURSDAY
4035182000002191140,"Sairam Enterprises , Skht COD",4035182000000000099,INR,0.00,5051.00,33424.00,0.00,0.00,38475.00,38475.00,NETHAJI,SRIKALAHASTHI,WEDNESDAY
4035182000004018419,"SALEEM AUTO MOBILES , SKHT , COD",4035182000000000099,INR,0.00,0.00,0.00,21068.00,0.00,21068.00,21068.00,NETHAJI,SRIKALAHASTHI,WEDNESDAY
4035182000000199467,"SALEEM ENTERPRISES , CHANDRAGIRI",4035182000000000099,INR,19009.00,2200.00,0.00,0.00,0.00,21209.00,21209.00,NETHAJI,CHANDRAGIRI,SATURDAY
4035182000000183951,"Sankaraiah Puncture Shop , (Skht), Suramala",4035182000000000099,INR,0.00,0.00,0.00,0.00,2000.00,2000.00,2000.00,NETHAJI,SRIKALAHASTHI,WEDNESDAY
4035182000000184034,"Santha Kumar JCB , Ctr",4035182000000000099,INR,0.00,0.00,0.00,0.00,34066.00,34066.00,34066.00,CHIRANJEEVI,CHITTOOR,TUESDAY
4035182000000184117,"Santhosh Automobiles, Nagari",4035182000000000099,INR,4844.00,18446.00,10844.00,0.00,0.00,34134.00,34134.00,NETHAJI,NAGARI,MONDAY
4035182000027105725,"SANVIKA AUTO MOBILE, TIRUPATI",4035182000000000099,INR,0.00,2000.00,11859.00,0.00,0.00,13859.00,13859.00,VINOD,TIRUPATI,MONDAY
4035182000000198356,SAPNA ENTERPRISES,4035182000000000099,INR,0.00,0.00,0.00,0.00,116112.00,116112.00,116112.00,SURESH SIR,HYDERABAD,MONDAY
4035182000000184205,SAR Cycle Shop Pakala,4035182000000000099,INR,0.00,0.00,0.00,0.00,1725.48,1725.48,1725.48,NETHAJI,PAKALA,TUESDAY
4035182000000196540,SAR Tyre shop Tpt,4035182000000000099,INR,0.00,0.00,0.00,0.00,3367.68,3367.68,3367.68,SHAHEEN,TIRUPATI,FRIDAY
4035182000022969141,"SARADHI SPARE PARTS , PUTTUR",4035182000000000099,INR,0.00,3897.00,0.00,0.00,0.00,3897.00,3897.00,NETHAJI,PUTTUR,MONDAY
4035182000000184376,Sarala Auto Mobiles Karveti Nagaram,4035182000000000099,INR,0.00,14410.00,0.00,41.00,321.00,14772.00,14772.00,VINOD,KARVETINAGARAM,MONDAY
4035182000000184459,Saraswathi Auto Mobiles Kalikiri,4035182000000000099,INR,0.00,16725.00,31896.00,0.00,7.18,48628.18,48628.18,NETHAJI,KALIKIRI,THURSDAY
4035182000000184630,Satish Dhawan Space Centre ( SDSC ),4035182000000000099,INR,0.00,0.00,0.00,0.00,98232.00,98232.00,98232.00,SUJAY,NELLORE,MONDAY
4035182000004018392,"SB AUTO MOBILES , SKHT COD",4035182000000000099,INR,0.00,0.00,0.00,0.00,19571.00,19571.00,19571.00,NETHAJI,SRIKALAHASTHI,WEDNESDAY
4035182000000238759,"SBS CYCLE STORE , BANAGARUPALEM",4035182000000000099,INR,0.00,0.00,0.00,0.00,131.00,131.00,131.00,CHIRANJEEVI,BANGARUPALEM,MONDAY
4035182000000184713,"Seenu Spares , Pichatur",4035182000000000099,INR,27394.00,0.00,4400.00,4890.00,7279.00,43963.00,43963.00,NETHAJI,PICHATUR,MONDAY
4035182000000184874,"SGM Enterprises, Akkrampalli-TPT",4035182000000000099,INR,0.00,0.00,0.00,0.00,1546.52,1546.52,1546.52,SHAHEEN,TIRUPATI,THURSDAY
4035182000000199555,"SHAFI AUTO MOBILES , NIMMANAPALLI ( MPL )",4035182000000000099,INR,0.00,0.00,0.00,0.00,142.00,142.00,142.00,RAJESH,NIMMANAPALLI,THURSDAY
4035182000000184957,Shahina Account,4035182000000000099,INR,0.00,0.00,0.00,0.00,16160.00,16160.00,16160.00,SHAHEEN,TIRUPATI,MONDAY
4035182000022229673,"SHAIK BAVAJAN PUNCTURE SHOP , MPL",4035182000000000099,INR,0.00,0.00,0.00,0.00,10387.00,10387.00,10387.00,RAJESH,MADANAPALLE,THURSDAY
4035182000009459049,"SHAIK SHAFI ,SKHT",4035182000000000099,INR,0.00,74484.00,17137.00,0.00,0.00,91621.00,91621.00,NETHAJI,SRIKALAHASTHI,WEDNESDAY
4035182000000185040,"Shajahan Auto Spares , Rompicherla",4035182000000000099,INR,0.00,0.00,0.00,0.00,42479.00,42479.00,42479.00,VINOD,ROMPICHERLA,THURSDAY
4035182000000238815,"Shajahan Cycle Store, Renigunta",4035182000000000099,INR,0.00,0.00,0.00,3610.00,0.00,3610.00,3610.00,NETHAJI,RENIGUNTA,SATURDAY
4035182000000185123,Shankar Reddy,4035182000000000099,INR,0.00,0.00,0.00,0.00,8568.00,8568.00,8568.00,SURESH SIR,VARADAYAPALEM,MONDAY
4035182000000185538,Shiva Traders Tpt,4035182000000000099,INR,0.00,0.00,0.00,0.00,22939.00,22939.00,22939.00,SHAHEEN,TIRUPATI,THURSDAY
4035182000030050774,"SHOBHA ENTERPRISES , YERRAVARIPALEM",4035182000000000099,INR,0.00,57139.00,654.00,0.00,0.00,57793.00,57793.00,RAJESH,YERRAVARIPALEM,THURSDAY
4035182000000185626,Shree Nandhana Auto Spares Puttur,4035182000000000099,INR,5979.00,21009.00,0.00,0.00,250.00,27238.00,27238.00,NETHAJI,PUTTUR,MONDAY
4035182000000185714,"Shri Jaya Maruthi Enterprises, Chittoor",4035182000000000099,INR,0.00,0.00,55500.00,0.00,29499.00,84999.00,84999.00,CHIRANJEEVI,CHITTOOR,TUESDAY
4035182000019042945,"SHRI TYRES, SULLURPETA",4035182000000000099,INR,0.00,23700.00,25741.00,24639.00,0.00,74080.00,74080.00,VINOD,SULLURPETA,WEDNESDAY
4035182000000185802,"Sibar Autoparts Ltd, Tpt",4035182000000000099,INR,0.00,0.00,0.00,0.00,30529.01,30529.01,30529.01,SUJAY,TIRUPATI,MONDAY
4035182000026699052,"SIDDA TYRES , TPT",4035182000000000099,INR,0.00,0.00,0.00,0.00,11306.00,11306.00,11306.00,VINOD,TIRUPATI,MONDAY
4035182000000185890,"Sikandar  Auto Mobiles,Ramasamudram",4035182000000000099,INR,0.00,0.00,0.00,0.00,7628.00,7628.00,7628.00,RAJESH,RAMASAMUDRAM,WEDNESDAY
4035182000025073543,"SINGHAL PETROLEUMS, HYD",4035182000000000099,INR,0.00,0.00,0.00,0.00,280059.00,280059.00,280059.00,SURESH SIR,HYDERABAD,MONDAY
4035182000000238848,SIVA MOTORS (HONDA SHOWROOM) CHITTOOR,4035182000000000099,INR,0.00,13507.00,0.00,0.00,0.00,13507.00,13507.00,CHIRANJEEVI,CHITTOOR,TUESDAY
4035182000000185973,Siva Tyres Chittoor,4035182000000000099,INR,0.00,0.00,0.00,20000.00,5596.66,25596.66,25596.66,CHIRANJEEVI,CHITTOOR,TUESDAY
4035182000000186061,"SIVANI MULTY TYRES, Pakala",4035182000000000099,INR,0.00,0.00,0.00,0.00,1929.00,1929.00,1929.00,NETHAJI,PAKALA,TUESDAY
4035182000024857039,"SK PUNCTURE SHOP , NAIDUPETA",4035182000000000099,INR,0.00,25242.00,0.00,0.00,0.00,25242.00,25242.00,VINOD,NAIDUPETA,SATURDAY
4035182000007885373,"SK TYRE CENTRE , V.GIRI",4035182000000000099,INR,0.00,0.00,76898.00,0.00,7628.00,84526.00,84526.00,VINOD,VENKATAGIRI,SATURDAY
4035182000000186149,SKS Tyre Shop Renigunta,4035182000000000099,INR,0.00,0.00,0.00,0.00,1496.00,1496.00,1496.00,NETHAJI,RENIGUNTA,SATURDAY
4035182000000186237,SMA Lubricants V kota,4035182000000000099,INR,0.00,15750.00,0.00,0.00,400.00,16150.00,16150.00,CHIRANJEEVI,V KOTA,SATURDAY
4035182000000186320,Smk  Auto Mobiles   Kuppam,4035182000000000099,INR,0.00,23036.00,0.00,0.00,0.00,23036.00,23036.00,CHIRANJEEVI,KUPPAM,FRIDAY
4035182000002371885,SNR Auto Mobiles  Baireddipalli,4035182000000000099,INR,0.00,6357.00,0.00,0.00,0.00,6357.00,6357.00,CHIRANJEEVI,BAIREDDYPALLI,SATURDAY
4035182000002096001,"Soniya Scooter Mechanic , Vootlavaripalli ( Pakala)",4035182000000000099,INR,0.00,8763.00,0.00,0.00,0.00,8763.00,8763.00,NETHAJI,PAKALA,TUESDAY
4035182000000186408,"Southern Power Distribution Company of Ap Ltd, Tpt",4035182000000000099,INR,0.00,0.00,0.00,0.00,157246.00,157246.00,157246.00,SURESH SIR,TIRUPATI,MONDAY
4035182000026774029,"SPEED SPARES AND AUTO MOBILES, TIRUPATI",4035182000000000099,INR,0.00,19562.00,12571.00,0.00,0.00,32133.00,32133.00,VINOD,TIRUPATI,MONDAY
4035182000001163774,"Sree Balaji Oil Stores, Palamaner COD",4035182000000000099,INR,0.00,2756.00,0.00,0.00,1452.00,4208.00,4208.00,CHIRANJEEVI,PALAMANER,MONDAY
4035182000026795081,"SREE JAYANTHI AGENCIES, SKHT",4035182000000000099,INR,0.00,0.00,0.00,0.00,30000.00,30000.00,30000.00,VINOD,SRIKALAHASTHI,FRIDAY
4035182000000186491,"Sree Kubera Traders,Chittoor",4035182000000000099,INR,0.00,0.00,0.00,0.00,11750.00,11750.00,11750.00,CHIRANJEEVI,CHITTOOR,TUESDAY
4035182000000238998,"SREE MALLIKARJUNA OIL STORES , MPL",4035182000000000099,INR,0.00,0.00,60000.00,0.00,49.00,60049.00,60049.00,RAJESH,MADANAPALLE,THURSDAY
4035182000000186579,SREE RAM AUTO PARTS (V.KOTA),4035182000000000099,INR,0.00,70896.00,0.00,0.00,0.00,70896.00,70896.00,CHIRANJEEVI,V KOTA,SATURDAY
4035182000000186843,"Sree Sakthi a/m , Palmnr",4035182000000000099,INR,0.00,0.00,13043.00,0.00,70.00,13113.00,13113.00,CHIRANJEEVI,PALAMANER,MONDAY
4035182000000726101,"SREE VENKATESWARA  AUTO MOBILES , RAMAKUPPAM",4035182000000000099,INR,0.00,0.00,0.00,0.00,2.00,2.00,2.00,CHIRANJEEVI,BAIREDDYPALLI,SATURDAY
4035182000000187014,"Sreena Cycle Shop,Chandragiri",4035182000000000099,INR,0.00,32687.00,5439.00,0.00,0.00,38126.00,38126.00,NETHAJI,CHANDRAGIRI,SATURDAY
4035182000000187097,"SREENIDHIRAJA PACKING SOLUTIONS PVT LTD ,GJLMD",4035182000000000099,INR,0.00,0.00,0.00,0.00,3939.32,3939.32,3939.32,SUJAY,GAJULAMANDYAM,MONDAY
4035182000000187185,"Sreenivasa Automobiles, TVS Showroom,TPT",4035182000000000099,INR,0.00,0.00,0.00,0.00,1279.20,1279.20,1279.20,VINOD,TIRUPATI,FRIDAY
4035182000002265061,SREENIVASA BIKES LLP - TVS SHOWROOM,4035182000000000099,INR,0.00,30227.00,19411.00,0.00,10407.00,60045.00,60045.00,VINOD,TIRUPATI,FRIDAY
4035182000000187273,Sri  New Patel Auto Mobiles Tpt,4035182000000000099,INR,0.00,57901.00,90323.00,56807.00,15587.00,220618.00,220618.00,NETHAJI,TIRUPATI,FRIDAY
4035182000003470088,"Sri Ambika  Auto Mobiles, Satyavedu",4035182000000000099,INR,0.00,0.00,0.00,0.00,334.00,334.00,334.00,NETHAJI,SATHYAVEDU,SATURDAY
4035182000002241451,"SRI AYYAPPA SPARE PARTS , B.N.KANDRIGA",4035182000000000099,INR,0.00,0.00,0.00,0.00,11080.00,11080.00,11080.00,NETHAJI,B N KANDRIGA,FRIDAY
4035182000000187449,Sri Balaji  Ind. & Enterprises Penugonda,4035182000000000099,INR,0.00,0.00,0.00,0.00,35850.00,35850.00,35850.00,SRINIVAS,PENUGONDA,MONDAY
4035182000000187537,"Sri Balaji Auto Garage,Tpt",4035182000000000099,INR,0.00,27905.00,2271.00,17949.00,12315.00,60440.00,60440.00,NETHAJI,TIRUPATI,FRIDAY
4035182000003928764,"SRI BALAJI AUTO MOBILES , PAKALA",4035182000000000099,INR,0.00,23754.00,20621.00,0.00,0.00,44375.00,44375.00,NETHAJI,PAKALA,TUESDAY
4035182000000187615,"Sri Balaji Auto Mobiles, Santhipuram",4035182000000000099,INR,0.00,14828.00,15500.00,8781.00,0.00,39109.00,39109.00,CHIRANJEEVI,SHANTHIPURAM,FRIDAY
4035182000000187703,SRI Balaji Automobiles Puttur,4035182000000000099,INR,0.00,65977.00,57070.00,0.00,0.00,123047.00,123047.00,NETHAJI,PUTTUR,MONDAY
4035182000010636113,"SRI BALAJI AUTOMOBILES, TIRUTTANI",4035182000000000099,INR,0.00,0.00,0.00,0.00,9000.00,9000.00,9000.00,REDDY BABU,TIRUTTANI,MONDAY
4035182000000187786,"Sri Bhagavan Automobiles,Nagari",4035182000000000099,INR,0.00,0.00,0.00,15250.00,4449.00,19699.00,19699.00,NETHAJI,NAGARI,MONDAY
4035182000029162548,"SRI BHAVANI AUTO MOBILES,CHANDRAGIRI",4035182000000000099,INR,0.00,56433.00,0.00,0.00,0.00,56433.00,56433.00,NETHAJI,CHANDRAGIRI,SATURDAY
4035182000000187952,"Sri Chenchulakshmi Fancy&Stationary , Skht",4035182000000000099,INR,0.00,0.00,0.00,0.00,1600.00,1600.00,1600.00,REDDY BABU,SRIKALAHASTHI,FRIDAY
4035182000005259263,"SRI CHENGALAMMA AUTO MECHANIC, TADA",4035182000000000099,INR,0.00,0.00,0.00,0.00,12240.00,12240.00,12240.00,VINOD,TADA,WEDNESDAY
4035182000000188040,Sri Dharani Stone Crushers,4035182000000000099,INR,0.00,0.00,0.00,0.00,75004.00,75004.00,75004.00,SURESH SIR,PENUMURU,MONDAY
4035182000000188128,Sri Durga Auto Spares Ctr,4035182000000000099,INR,0.00,0.00,22116.00,0.00,3.00,22119.00,22119.00,CHIRANJEEVI,CHITTOOR,TUESDAY
4035182000000238909,"SRI DURGA DEVI  AUTO MOBILES & SPARES , PICHATUR",4035182000000000099,INR,10126.00,25592.00,346.00,1030.00,0.00,37094.00,37094.00,NETHAJI,PICHATUR,MONDAY
4035182000000188211,"Sri Ganesh Auto Mobiles-(HERO),Puttur",4035182000000000099,INR,0.00,0.00,0.00,0.00,1013.00,1013.00,1013.00,REDDY BABU,PUTTUR,MONDAY
4035182000000197370,"Sri Gatikachala Hardwares , Somala",4035182000000000099,INR,0.00,0.00,9686.00,0.00,0.00,9686.00,9686.00,VINOD,SOMALA,THURSDAY
4035182000000188299,"Sri Hari A/m , Chittoor",4035182000000000099,INR,0.00,0.00,4907.00,0.00,0.00,4907.00,4907.00,CHIRANJEEVI,CHITTOOR,TUESDAY
4035182000000238937,"Sri Jain Cycle Stores,Tpt",4035182000000000099,INR,0.00,0.00,0.00,8122.00,0.00,8122.00,8122.00,NETHAJI,TIRUPATI,FRIDAY
4035182000007898464,"SRI KRISHNA AUTOMOTIVE AGENCIES , MPL",4035182000000000099,INR,0.00,0.00,0.00,0.00,23478.00,23478.00,23478.00,RAJESH,MADANAPALLE,THURSDAY
4035182000000435001,SRI KUMARAN AUTO SPARES PARTS - NAGALAPURAM,4035182000000000099,INR,0.00,0.00,0.00,0.00,7382.00,7382.00,7382.00,NETHAJI,NAGALAPURAM,SATURDAY
4035182000007236510,"SRI LAKSHMI  VENKATESWARA AUTO MOBILES AND SPARES , CHOWDEPALLI",4035182000000000099,INR,0.00,0.00,0.00,0.00,6055.00,6055.00,6055.00,RAJESH,CHOWDEPALLI,WEDNESDAY
4035182000015606090,SRI LAKSHMI AUTOMOBILES SHANTHIPURAM,4035182000000000099,INR,0.00,0.00,0.00,4291.00,0.00,4291.00,4291.00,CHIRANJEEVI,SHANTHIPURAM,FRIDAY
4035182000000188387,"Sri Lakshmi Ganesh Automobiles,Palamaner COD",4035182000000000099,INR,0.00,0.00,0.00,0.00,1740.00,1740.00,1740.00,CHIRANJEEVI,PALAMANER,MONDAY
4035182000000197458,"SRI LAKSHMI NARASIMHA AUTO MOBILES , ANGALLU",4035182000000000099,INR,0.00,0.00,0.00,0.00,1439.00,1439.00,1439.00,RAJESH,ANGALLU,TUESDAY
4035182000000188475,SRI LAKSHMI NARASIMHA ENTERPRISES TPT,4035182000000000099,INR,0.00,0.00,0.00,0.00,5599.00,5599.00,5599.00,SHAHEEN,TIRUPATI,MONDAY
4035182000000196784,Sri Lakshmi Narayana Puncture shop Mangalam,4035182000000000099,INR,0.00,13483.00,0.00,0.00,0.00,13483.00,13483.00,VINOD,TIRUPATI,TUESDAY
4035182000026799134,"SRI LAKSHMI SRINIVASA AUTO MOBILES , PACHIKAPALAM",4035182000000000099,INR,0.00,4932.00,16384.00,0.00,0.00,21316.00,21316.00,VINOD,PACHIKAPALAM,MONDAY
4035182000020846615,"SRI LAKSHMI VARADARAJA SWAMY TRADERS,PUNGANUR",4035182000000000099,INR,0.00,5320.00,0.00,0.00,0.00,5320.00,5320.00,RAJESH,PUNGANUR,WEDNESDAY
4035182000025651532,"SRI LAKSHMI VENKATESHWARA AUTO MOBILES, MULBAGAL",4035182000000000099,INR,0.00,0.00,45402.00,0.00,1.00,45403.00,45403.00,CHIRANJEEVI,MULBAGAL,THURSDAY
4035182000000188553,"Sri Lakshmi Venkateswara A/m , Chinthaparthy",4035182000000000099,INR,0.00,0.00,0.00,0.00,2000.00,2000.00,2000.00,REDDY BABU,CHINTHAPARTHY,THURSDAY
4035182000000188636,Sri Lakshmi Venkateswara A/M Baireddipalli,4035182000000000099,INR,0.00,0.00,9800.00,0.00,2.00,9802.00,9802.00,CHIRANJEEVI,BAIREDDYPALLI,SATURDAY
4035182000000188719,"Sri Lakshmi Venkateswara A/m, Kuppam",4035182000000000099,INR,0.00,30793.00,0.00,0.00,3113.00,33906.00,33906.00,CHIRANJEEVI,KUPPAM,FRIDAY
4035182000027016837,"SRI LAKSHMI VENKATESWARA AUTO MOBILES , PAKALA",4035182000000000099,INR,0.00,1912.00,5980.00,0.00,0.00,7892.00,7892.00,VINOD,PAKALA,TUESDAY
4035182000020846434,"SRI LAKSHMI VENKATESWARA EARTH MOVERS, MPL",4035182000000000099,INR,0.00,54439.00,0.00,28.00,1970.00,56437.00,56437.00,RAJESH,MADANAPALLE,THURSDAY
4035182000000188807,Sri Latha Traders Mpl,4035182000000000099,INR,0.00,0.00,0.00,0.00,12649.00,12649.00,12649.00,RAJESH,MADANAPALLE,THURSDAY
4035182000000188895,"Sri Mahalakshmi Auto Mobiles, Baireddypalli COD",4035182000000000099,INR,0.00,39100.00,0.00,0.00,0.00,39100.00,39100.00,CHIRANJEEVI,BAIREDDYPALLI,SATURDAY
4035182000000238970,Sri mahalakshmi kalyani puncture shop TPT,4035182000000000099,INR,0.00,106515.00,0.00,0.00,0.00,106515.00,106515.00,NETHAJI,TIRUPATI,FRIDAY
4035182000000189071,"Sri Manjula Automobiles, CTR",4035182000000000099,INR,0.00,4050.00,0.00,0.00,79.00,4129.00,4129.00,CHIRANJEEVI,CHITTOOR,TUESDAY
4035182000000189159,"Sri Manjunatha Auto Agencies,  Ramakuppam",4035182000000000099,INR,0.00,12964.00,0.00,0.00,0.00,12964.00,12964.00,CHIRANJEEVI,RAMAKUPPAM,SATURDAY
4035182000001275474,"Sri Manjunatha Auto Mobiles , Kuppam",4035182000000000099,INR,0.00,13839.00,0.00,0.00,0.00,13839.00,13839.00,CHIRANJEEVI,KUPPAM,FRIDAY
4035182000000189247,"Sri Manjunatha Autombiles, Shantipuram",4035182000000000099,INR,0.00,29323.00,0.00,0.00,593.76,29916.76,29916.76,CHIRANJEEVI,SHANTHIPURAM,FRIDAY
4035182000000189330,Sri Maremmathalli auto Mobiles Papanaidupeta,4035182000000000099,INR,0.00,0.00,0.00,0.00,8791.00,8791.00,8791.00,NETHAJI,PAPANAIDUPETA,SATURDAY
4035182000004505425,"Sri Muralikrishna Enterprises(Bajaj), SKHT",4035182000000000099,INR,0.00,0.00,0.00,106500.00,0.00,106500.00,106500.00,NETHAJI,SRIKALAHASTHI,WEDNESDAY
4035182000000196701,Sri New Venkateswara auto mobiles Kuppam,4035182000000000099,INR,0.00,4192.00,15581.00,0.00,1217.00,20990.00,20990.00,CHIRANJEEVI,KUPPAM,FRIDAY
4035182000000491469,"Sri Padmavathi Auto Mobiles  , VADAMALAPETA",4035182000000000099,INR,0.00,2087.00,0.00,0.00,200.00,2287.00,2287.00,NETHAJI,PUTTUR,MONDAY
4035182000029248475,SRI PADMAVATI MAHILA VISVAVIDYALAYAM - TPT,4035182000000000099,INR,0.00,192508.00,0.00,0.00,0.00,192508.00,192508.00,SURESH SIR,TIRUPATI,MONDAY
4035182000000189408,Sri Pathi Auto Services Tpt (MK),4035182000000000099,INR,0.00,0.00,0.00,0.00,6116.00,6116.00,6116.00,SHAHEEN,TIRUPATI,MONDAY
4035182000025651883,"SRI RAGHAVENDRA AUTO MOBILES , MULBAGAL",4035182000000000099,INR,0.00,18000.00,0.00,0.00,0.00,18000.00,18000.00,CHIRANJEEVI,KRISHNAGIRI,THURSDAY
4035182000000189491,"Sri Raghavendra Automobiles,Suzuki PILER",4035182000000000099,INR,0.00,0.00,10829.00,0.00,0.00,10829.00,10829.00,NETHAJI,PILER,THURSDAY
4035182000000189579,Sri Raja Ram Auto MobilesCTR,4035182000000000099,INR,0.00,7847.00,15386.00,0.00,0.00,23233.00,23233.00,CHIRANJEEVI,CHITTOOR,TUESDAY
4035182000008565416,SRI RAJA RAM MOTORCYCLES MPL,4035182000000000099,INR,0.00,0.00,25052.00,37687.00,27950.00,90689.00,90689.00,RAJESH,MADANAPALLE,THURSDAY
4035182000000197702,"SRI RAJARAM AUTO MOBILES , MPL",4035182000000000099,INR,0.00,0.00,451.00,45892.00,2331.00,48674.00,48674.00,RAJESH,MADANAPALLE,THURSDAY
4035182000000189667,"Sri Rajashree Automobiles, HERO Show Room, PUNGANUR",4035182000000000099,INR,0.00,0.00,0.00,0.00,15291.00,15291.00,15291.00,RAJESH,PUNGANUR,WEDNESDAY
4035182000000189755,"Sri Rama Agency, Pichatur",4035182000000000099,INR,0.00,0.00,2790.00,0.00,7134.00,9924.00,9924.00,NETHAJI,PICHATUR,MONDAY
4035182000000189931,Sri Rama Auto Mobiles J K Puram,4035182000000000099,INR,0.00,0.00,0.00,6224.00,6815.00,13039.00,13039.00,CHIRANJEEVI,J K PURAM,SATURDAY
4035182000000190019,"Sri Sadgurudatta Provisional Stores , Pallikuppam",4035182000000000099,INR,0.00,0.00,0.00,0.00,7234.00,7234.00,7234.00,CHIRANJEEVI,KUPPAM,FRIDAY
4035182000004341443,"SRI SAI  AUTO MOBILES  , TPT",4035182000000000099,INR,0.00,0.00,0.00,0.00,1414.00,1414.00,1414.00,NETHAJI,TIRUPATI,FRIDAY
4035182000000197536,SRI SAI AUTO MOBILES B.N. KANDRIGA,4035182000000000099,INR,0.00,0.00,0.00,0.00,12372.00,12372.00,12372.00,NETHAJI,B N KANDRIGA,FRIDAY
4035182000000190102,"Sri Sai Automobiles,Cherlopalli.Tpt",4035182000000000099,INR,0.00,0.00,38970.00,0.00,0.48,38970.48,38970.48,NETHAJI,CHANDRAGIRI,SATURDAY
4035182000000190185,"Sri Sai Bajaj, Kuppam",4035182000000000099,INR,0.00,0.00,0.00,0.00,55.00,55.00,55.00,CHIRANJEEVI,KUPPAM,SATURDAY
4035182000000190268,Sri Sai Enterprises Ramasamudram,4035182000000000099,INR,0.00,0.00,0.00,0.00,131.00,131.00,131.00,RAJESH,RAMASAMUDRAM,WEDNESDAY
4035182000001066467,"Sri Sai Enterprises(Suzuki), MPL",4035182000000000099,INR,0.00,12422.00,0.00,11293.00,1.00,23716.00,23716.00,RAJESH,MADANAPALLE,THURSDAY
4035182000000190351,"Sri Sai Enterprises, Yamaha, SKHT",4035182000000000099,INR,0.00,0.00,0.00,0.00,19.00,19.00,19.00,NETHAJI,SRIKALAHASTHI,WEDNESDAY
4035182000000190859,"Sri Sai Ganesh Gas Convertion, TPT",4035182000000000099,INR,0.00,0.00,0.00,0.00,3593.00,3593.00,3593.00,SHAHEEN,TIRUPATI,MONDAY
4035182000000190610,"Sri Sai Maruti Puncture Shop, Yerpedu",4035182000000000099,INR,0.00,155463.00,0.00,0.00,0.00,155463.00,155463.00,NETHAJI,YERPEDU,WEDNESDAY
4035182000000190693,"Sri Sai Motors (Enfield S/R), TPT",4035182000000000099,INR,0.00,0.00,0.00,0.00,42598.00,42598.00,42598.00,SURESH SIR,TIRUPATI,MONDAY
4035182000000190771,Sri Sai Venkateswara Auto Mobiles  Punganur,4035182000000000099,INR,0.00,0.00,0.00,0.00,3040.00,3040.00,3040.00,RAJESH,PUNGANUR,WEDNESDAY
4035182000000190942,"Sri Seven Hills Constructions,Tpt (IISER)",4035182000000000099,INR,0.00,0.00,0.00,0.00,100300.00,100300.00,100300.00,SRINIVAS,TIRUPATI,MONDAY
4035182000000239026,"Sri Siva Manjunatha Oil Stores, Piler",4035182000000000099,INR,0.00,15500.00,0.00,0.00,1303.00,16803.00,16803.00,NETHAJI,PILER,THURSDAY
4035182000000191030,"Sri Siva Sai Enterprises(Suzuki,Skht)",4035182000000000099,INR,0.00,0.00,0.00,0.00,5965.00,5965.00,5965.00,REDDY BABU,SRIKALAHASTHI,FRIDAY
4035182000002010171,"SRI SRI SRI ANGERAMMA THALLI MECHANIC , SKHT",4035182000000000099,INR,0.00,0.00,11603.00,0.00,0.00,11603.00,11603.00,NETHAJI,SRIKALAHASTHI,WEDNESDAY
4035182000000191196,"Sri Srinivasa Oils & A/m , Palamner COD",4035182000000000099,INR,0.00,38995.00,0.00,0.00,1733.00,40728.00,40728.00,CHIRANJEEVI,PALAMANER,MONDAY
4035182000000191284,"Sri Srinivasa Tyres, Tpt",4035182000000000099,INR,0.00,6040.00,0.00,0.00,3209.00,9249.00,9249.00,SHAHEEN,TIRUPATI,MONDAY
4035182000019411061,SRI SURESH AUTOMOBILES & ENRTERPRISES CHITTOOR,4035182000000000099,INR,0.00,0.00,29500.00,0.00,0.00,29500.00,29500.00,CHIRANJEEVI,CHITTOOR,TUESDAY
4035182000027641019,"SRI UMA BHAVANI AUTO MOBILES , SKHT",4035182000000000099,INR,0.00,0.00,0.00,2010.00,0.00,2010.00,2010.00,VINOD,SRIKALAHASTHI,THURSDAY
4035182000002560572,"Sri Vaari Tyres , Tpt",4035182000000000099,INR,0.00,0.00,34995.00,0.00,2300.00,37295.00,37295.00,VINOD,TIRUPATI,TUESDAY
4035182000000191372,"Sri Vaishnavi Automobile Financiers, TPT",4035182000000000099,INR,0.00,0.00,0.00,0.00,1900.00,1900.00,1900.00,SHAHEEN,TIRUPATI,MONDAY
4035182000001549001,SRI VARASIDDHI VINAYAKA AUTO CONSULTANCY - V KOTA,4035182000000000099,INR,0.00,0.00,0.00,0.00,277.00,277.00,277.00,CHIRANJEEVI,V KOTA,SATURDAY
4035182000000191455,"Sri Varasiddhi Vinayaka Traders , Tpt",4035182000000000099,INR,0.00,0.00,0.00,0.00,16002.00,16002.00,16002.00,SHAHEEN,TIRUPATI,MONDAY
4035182000000191626,Sri Venkateswara Auto Mobiles  Kuppam,4035182000000000099,INR,0.00,0.00,23761.00,0.00,0.00,23761.00,23761.00,CHIRANJEEVI,KUPPAM,FRIDAY
4035182000006581058,"SRI VENKATESWARA AUTO MOBILES , AUTO NAGAR",4035182000000000099,INR,0.00,0.00,3840.00,0.00,0.00,3840.00,3840.00,VINOD,TIRUPATI,MONDAY
4035182000000191714,Sri venkateswara auto mobiles ramasamudram COD,4035182000000000099,INR,0.00,0.00,43063.00,0.00,628.00,43691.00,43691.00,RAJESH,RAMASAMUDRAM,WEDNESDAY
4035182000000191797,"Sri Venkateswara Automobiles, Pichatur",4035182000000000099,INR,0.00,59910.00,36497.00,19824.00,7824.00,124055.00,124055.00,NETHAJI,PICHATUR,MONDAY
4035182000000191968,"Sri Venkateswara Cycles & A/m, Tpt",4035182000000000099,INR,0.00,14176.00,0.00,0.00,436.00,14612.00,14612.00,VINOD,TIRUPATI,TUESDAY
4035182000010423870,"SRI VENKATESWARA TRADERS , PUTTUR",4035182000000000099,INR,14824.00,22444.00,0.00,0.00,4.00,37272.00,37272.00,NETHAJI,PUTTUR,MONDAY
4035182000000192056,"Sri Vinayaka Auto Mobiles & Services, Kuppam",4035182000000000099,INR,0.00,0.00,0.00,0.00,2900.00,2900.00,2900.00,CHIRANJEEVI,KUPPAM,FRIDAY
4035182000000192144,"Sri Vinayaka Automobiles,Skht",4035182000000000099,INR,0.00,9387.00,11262.00,0.00,9883.00,30532.00,30532.00,NETHAJI,SRIKALAHASTHI,WEDNESDAY
4035182000027926381,"SRIE D.M.H. AUTO MOBILES , TPT",4035182000000000099,INR,0.00,0.00,0.00,3900.00,0.00,3900.00,3900.00,VINOD,TIRUPATI,MONDAY
4035182000006932437,"SRINIVASA  AUTO MOBILES , TPT  ( MINDA OIL )",4035182000000000099,INR,0.00,3600.00,0.00,0.00,0.00,3600.00,3600.00,VINOD,TIRUPATI,MONDAY
4035182000000192315,Srinivasa Enterprises Tpt,4035182000000000099,INR,0.00,0.00,0.00,0.00,9126.40,9126.40,9126.40,SHAHEEN,TIRUPATI,MONDAY
4035182000000192227,"SRINIVASA ENTERPRISES, NAGARI",4035182000000000099,INR,0.00,0.00,0.00,4196.00,0.00,4196.00,4196.00,NETHAJI,NAGARI,MONDAY
4035182000001839090,"SRINIVASA MOTORS (HERO SHOW ROOM) , SOMALA",4035182000000000099,INR,0.00,6793.00,1125.00,6247.00,1622.00,15787.00,15787.00,VINOD,SOMALA,THURSDAY
4035182000007797005,"SRINIVASA MOTORS, KUPPAM",4035182000000000099,INR,0.00,12351.00,0.00,0.00,191.00,12542.00,12542.00,CHIRANJEEVI,KUPPAM,FRIDAY
4035182000000196379,"SRINIVASAN BEARINGS AND TYRES , TPT",4035182000000000099,INR,0.00,0.00,0.00,0.00,2889.00,2889.00,2889.00,SHAHEEN,TIRUPATI,MONDAY
4035182000000192486,Sripati Auto Service - tpt,4035182000000000099,INR,0.00,9090.00,0.00,1.00,5149.00,14240.00,14240.00,NETHAJI,TIRUPATI,FRIDAY
4035182000000239125,"Sriyes Jain Auto Spare Parts, SKHT",4035182000000000099,INR,0.00,0.00,0.00,0.00,4562.00,4562.00,4562.00,REDDY BABU,SRIKALAHASTHI,FRIDAY
4035182000000108324,SS Enterprises Tpt,4035182000000000099,INR,0.00,132807.00,191488.00,127390.00,3426189.55,3877874.55,3877874.55,SURESH SIR,TIRUPATI,MONDAY
4035182000000192647,"SS TYRES , B.Kottha Kota",4035182000000000099,INR,0.00,39240.00,11385.00,0.00,0.00,50625.00,50625.00,RAJESH,B.KOTHAKOTA,FRIDAY
4035182000028107775,"SSB AUTOMOBIES & SPARE PARTS SHOP, GURRAMKONDA",4035182000000000099,INR,0.00,0.00,0.00,6300.00,0.00,6300.00,6300.00,SUJAY,GURRAMKONDA,TUESDAY
4035182000000192896,Star Auto Mobiles Mpl,4035182000000000099,INR,0.00,18008.00,18893.00,0.00,6530.00,43431.00,43431.00,RAJESH,MADANAPALLE,THURSDAY
4035182000001277308,"Star Vulcanizing, SKHT",4035182000000000099,INR,0.00,14287.00,0.00,0.00,0.00,14287.00,14287.00,NETHAJI,SRIKALAHASTHI,WEDNESDAY
4035182000001904125,STATE BANK OF INDIA,4035182000000000099,INR,0.00,0.00,0.00,25600.00,0.00,25600.00,25600.00,SRINIVAS,NANDYALA,MONDAY
4035182000000192984,"Sudha Oils,Tpt",4035182000000000099,INR,0.00,0.00,0.00,0.00,7321.00,7321.00,7321.00,SHAHEEN,TIRUPATI,THURSDAY
4035182000000193072,"Sudhakar Traders, Irala COD",4035182000000000099,INR,0.00,0.00,20734.00,0.00,14.00,20748.00,20748.00,NETHAJI,IRALA,TUESDAY
4035182000000193155,"Sufay Enterprises , Ganagadar Nellore",4035182000000000099,INR,0.00,0.00,0.00,0.00,2673.00,2673.00,2673.00,CHIRANJEEVI,GANAGADAR NELLORE,TUESDAY
4035182000000193243,"Sun Automobiles, Kuppam",4035182000000000099,INR,0.00,0.00,30500.00,0.00,0.00,30500.00,30500.00,CHIRANJEEVI,KUPPAM,FRIDAY
4035182000000193419,"Sunil Automobiles, Baireddypalle",4035182000000000099,INR,0.00,0.00,4766.00,19511.00,0.00,24277.00,24277.00,CHIRANJEEVI,BAIREDDYPALLI,SATURDAY
4035182000000193502,"Super Tyres,Tpt",4035182000000000099,INR,0.00,2511.00,0.00,66935.00,51010.00,120456.00,120456.00,VINOD,TIRUPATI,TUESDAY
4035182000000193673,"Surya  Auto Garage , Jeevakona",4035182000000000099,INR,0.00,0.00,0.00,0.00,1537.00,1537.00,1537.00,SHAHEEN,TIRUPATI,FRIDAY
4035182000000193756,SV Enterprises  Guntur,4035182000000000099,INR,0.00,0.00,0.00,0.00,231586.00,231586.00,231586.00,SRINIVAS,GUNTUR,MONDAY
4035182000005907335,"SVS AUTO MOBILES , KUPPAM",4035182000000000099,INR,0.00,18600.00,0.00,0.00,0.00,18600.00,18600.00,CHIRANJEEVI,KUPPAM,FRIDAY
4035182000026304202,"SVT TYRES, MADANAPALLE",4035182000000000099,INR,0.00,2770.00,7983.00,15750.00,0.00,26503.00,26503.00,RAJESH,MADANAPALLE,THURSDAY
4035182000000193922,"Teja Two Wheeler, Tpt",4035182000000000099,INR,0.00,0.00,0.00,0.00,2026.00,2026.00,2026.00,SHAHEEN,TIRUPATI,THURSDAY
4035182000000239186,Theja Cycle Shop Pachikapalem,4035182000000000099,INR,0.00,0.00,0.00,0.00,950.00,950.00,950.00,VINOD,PACHIKAPALAM,MONDAY
4035182000004822949,THIRUMALAA CONSTRUCTIONS,4035182000000000099,INR,0.00,0.00,0.00,0.00,50.00,50.00,50.00,SRINIVAS,PICHATUR,MONDAY
4035182000009599823,"TIRUMALA  TIRUPATI  DEVASTHANAMS , TIRUPATI",4035182000000000099,INR,0.00,0.00,0.00,0.00,9929.00,9929.00,9929.00,SURESH SIR,TIRUPATI,MONDAY
4035182000000194093,"Tirumala Enterprises , Tpt",4035182000000000099,INR,0.00,0.00,0.00,0.00,20046.00,20046.00,20046.00,SURESH SIR,TIRUPATI,MONDAY
4035182000000194181,TRINETRA TRADERS SKHT COD,4035182000000000099,INR,0.00,0.00,0.00,0.00,1797.00,1797.00,1797.00,NETHAJI,SRIKALAHASTHI,WEDNESDAY
4035182000000194269,TTR Cycle Shop Nagiri,4035182000000000099,INR,0.00,2200.00,0.00,0.00,0.00,2200.00,2200.00,NETHAJI,NAGARI,MONDAY
4035182000000194352,V K ENTERPRISES,4035182000000000099,INR,0.00,0.00,0.00,0.00,12946.00,12946.00,12946.00,SHAHEEN,TIRUPATI,MONDAY
4035182000002141364,Vasavi Electricals   Kondur,4035182000000000099,INR,0.00,0.00,39.00,0.00,0.00,39.00,39.00,VINOD,KONDUR,THURSDAY
4035182000000194601,Venkatachalam   Auto Mobiles  Tpt,4035182000000000099,INR,0.00,0.00,0.00,37000.00,13656.00,50656.00,50656.00,VINOD,TIRUPATI,TUESDAY
4035182000000194923,Venu AutoMobiles  Mpl,4035182000000000099,INR,0.00,0.00,0.00,0.00,14692.00,14692.00,14692.00,RAJESH,MADANAPALLE,THURSDAY
4035182000000195011,"Vijayabharati Automobiles Pvt Ltd(TATA), TPT",4035182000000000099,INR,0.00,0.00,0.00,5164.00,876.00,6040.00,6040.00,SHAHEEN,TIRUPATI,MONDAY
4035182000000195099,"Vijayalakshmi Auto Spares, Damalcheruvu",4035182000000000099,INR,0.00,9300.00,0.00,13236.00,156.00,22692.00,22692.00,NETHAJI,DAMALACHERUVU,TUESDAY
4035182000000195182,VIKRAMA SIMHAPURI UNIVERSITY,4035182000000000099,INR,0.00,0.00,0.00,0.00,1779.00,1779.00,1779.00,SRINIVAS,NELLORE,MONDAY
4035182000007464851,"VINAYAKA AUTO MOBILES ,  SPARES AND OILS , TPT ( MINDA OIL )",4035182000000000099,INR,0.00,0.00,0.00,0.00,9460.00,9460.00,9460.00,VINOD,TIRUPATI,MONDAY
4035182000000195265,"Vinayaka Automobiles, Kalikiri",4035182000000000099,INR,0.00,0.00,0.00,0.00,1935.00,1935.00,1935.00,REDDY BABU,KALIKIRI,THURSDAY
4035182000000195353,"Vinayaka Automobiles,Rompicherla",4035182000000000099,INR,0.00,0.00,0.00,0.00,9846.00,9846.00,9846.00,VINOD,ROMPICHERLA,THURSDAY
4035182000000195524,"Vinayaka Enterprises,Bakarapeta",4035182000000000099,INR,0.00,0.00,0.00,0.00,3446.00,3446.00,3446.00,VINOD,BAKARAPETA,THURSDAY
4035182000000195612,Vinayaka Puncture & Weilding Shop Bakarapeta,4035182000000000099,INR,0.00,0.00,0.00,0.00,10924.42,10924.42,10924.42,NETHAJI,BAKARAPETA,THURSDAY
4035182000000195695,Viswa Auto Mobiles Mpl,4035182000000000099,INR,0.00,0.00,0.00,0.00,3313.00,3313.00,3313.00,RAJESH,MADANAPALLE,THURSDAY
4035182000004177099,WASI TYRES SKHT COD,4035182000000000099,INR,0.00,35152.00,0.00,0.00,0.00,35152.00,35152.00,NETHAJI,SRIKALAHASTHI,WEDNESDAY
4035182000000195783,"X Jaffer Automobiles, Madanapalli",4035182000000000099,INR,0.00,0.00,0.00,0.00,3704.00,3704.00,3704.00,RAJESH,MADANAPALLE,THURSDAY
4035182000000195871,"Yashooo Auto Mobiles , Papanaidupeta - NO CREDIT",4035182000000000099,INR,0.00,0.00,0.00,0.00,30376.00,30376.00,30376.00,NETHAJI,PAPANAIDUPETA,SATURDAY
4035182000000195959,Yasin Puncture Shop R Mallavram,4035182000000000099,INR,0.00,40814.00,7293.00,0.00,0.00,48107.00,48107.00,VINOD,MALLAVARAM,WEDNESDAY
4035182000011144171,"Yoga Cycle Works, Tirupati",4035182000000000099,INR,0.00,19828.00,0.00,0.00,0.00,19828.00,19828.00,NETHAJI,TIRUPATI,FRIDAY
